"ID","Description","GeneRatio","BgRatio","RichFactor","FoldEnrichment","zScore","pvalue","p.adjust","qvalue","geneID","Count"
"GO:0006953","acute-phase response","11/218","52/25615",0.211538461538462,24.8557692307692,15.9538287761183,5.85869914209235e-13,1.89294569281004e-09,4.1899614859373e-11,"Saa3/Ccl5/Il6/Hp/Saa2/Il1a/Ptgs2/Ptges/Lcn2/Orm1/Serpina3n",11
"GO:0050878","regulation of body fluid levels","22/218","385/25615",0.0571428571428571,6.71428571428572,10.46669166768,2.43766769134222e-12,3.93805215536336e-09,8.71672490302166e-11,"Thbd/Adm/Il6/Prl2c2/F7/F13a1/Prl2c5/Hk2/Xdh/Apln/Comp/Slc22a4/Gla/Mmp13/Angptl7/Tpsab1/Plek/Cck/Adm2/Kng1/Kcnma1/Kng2",22
"GO:0002526","acute inflammatory response","13/218","123/25615",0.105691056910569,12.4186991869919,11.7609654140339,4.62560823765978e-11,4.98178007195959e-08,1.10269759519273e-09,"Aoc3/Saa3/Ccl5/Il6/Hp/Saa2/Il1a/Npy1r/Ptgs2/Ptges/Lcn2/Orm1/Serpina3n",13
"GO:1901342","regulation of vasculature development","19/218","330/25615",0.0575757575757576,6.76515151515152,9.76589288318522,7.1582684427173e-11,5.7820913346049e-08,1.2798433728018e-09,"Ccl2/Camp/Klf4/Ccl5/Adm/Ccl11/Prl2c2/Dcn/Ptn/Cxcl10/Hk2/Hmox1/Angptl7/Cd40/Il1a/Adm2/Itgb2/Mmp9/Smoc2",19
"GO:0019730","antimicrobial humoral response","15/218","203/25615",0.0738916256157636,8.68226600985222,10.1810759372959,2.47417421122131e-10,1.3535054078214e-07,2.99593144764806e-09,"Ccl3/Ccl2/Camp/Wfdc21/Ccl5/Adm/Ccl11/Ccl8/Cxcl5/Cxcl10/Ppbp/Ccl7/Kng1/Slpi/Kng2",15
"GO:0032496","response to lipopolysaccharide","21/218","443/25615",0.0474040632054176,5.56997742663657,8.98944327672301,2.51347336642786e-10,1.3535054078214e-07,2.99593144764806e-09,"Ccl2/Cd14/Camp/Wfdc21/Adm/Nos2/Il6/Trem2/Cxcl5/Mgst1/Mmp8/Prdm1/S100a8/Cxcl10/Slc22a4/Ppbp/Il1a/Havcr2/Ptgs2/Lcn2/Slpi",21
"GO:0045765","regulation of angiogenesis","18/218","323/25615",0.0557275541795666,6.54798761609907,9.29653047942886,3.90874208483217e-10,1.71665502799681e-07,3.79974897286663e-09,"Ccl2/Camp/Klf4/Ccl5/Adm/Ccl11/Prl2c2/Dcn/Ptn/Cxcl10/Hk2/Hmox1/Cd40/Il1a/Adm2/Itgb2/Mmp9/Smoc2",18
"GO:0050900","leukocyte migration","20/218","412/25615",0.0485436893203883,5.70388349514563,8.91773956292612,4.53818520035622e-10,1.71665502799681e-07,3.79974897286663e-09,"Cxcl1/Ccl3/Ccl2/Dbh/Aoc3/Ccl5/Ccl11/Ccl8/Trem2/F7/Cxcl5/Ptn/S100a8/Cxcl10/Itgb7/Ppbp/Il1a/Ccl7/Itgb2/Mmp9",20
"GO:0002237","response to molecule of bacterial origin","21/218","459/25615",0.0457516339869281,5.37581699346405,8.76436468371197,4.78176888021397e-10,1.71665502799681e-07,3.79974897286663e-09,"Ccl2/Cd14/Camp/Wfdc21/Adm/Nos2/Il6/Trem2/Cxcl5/Mgst1/Mmp8/Prdm1/S100a8/Cxcl10/Slc22a4/Ppbp/Il1a/Havcr2/Ptgs2/Lcn2/Slpi",21
"GO:0060326","cell chemotaxis","18/218","330/25615",0.0545454545454545,6.40909090909091,9.16274312561662,5.51425012474183e-10,1.78165421530408e-07,3.94362213968232e-09,"Cxcl1/Ccl3/Ccl2/Saa3/Ccl5/Ccl11/Ccl8/F7/Cxcl5/Ptn/S100a8/Cxcl10/Enpp2/Ppbp/Ccl7/Itgb2/Mmp9/Smoc2",18
"GO:0006935","chemotaxis","21/218","476/25615",0.0441176470588235,5.18382352941177,8.53647504967484,9.19726985751991e-10,2.38397010541528e-07,5.2768248784189e-09,"Cxcl1/Ccl3/Ccl2/Saa3/Ccl5/Ccl11/Ccl8/Trem2/F7/Cxcl5/Ptn/S100a8/Cxcl10/Enpp2/Rtn4r/Ppbp/Ccl7/Sema3g/Itgb2/Mmp9/Smoc2",21
"GO:0042330","taxis","21/218","478/25615",0.0439330543933054,5.16213389121339,8.51038117897141,9.91429789534701e-10,2.38397010541528e-07,5.2768248784189e-09,"Cxcl1/Ccl3/Ccl2/Saa3/Ccl5/Ccl11/Ccl8/Trem2/F7/Cxcl5/Ptn/S100a8/Cxcl10/Enpp2/Rtn4r/Ppbp/Ccl7/Sema3g/Itgb2/Mmp9/Smoc2",21
"GO:0061844","antimicrobial humoral immune response mediated by antimicrobial peptide","13/218","157/25615",0.0828025477707006,9.72929936305733,10.1646589726473,9.9191144554254e-10,2.38397010541528e-07,5.2768248784189e-09,"Ccl3/Ccl2/Camp/Ccl5/Adm/Ccl11/Ccl8/Cxcl5/Cxcl10/Ppbp/Ccl7/Kng1/Kng2",13
"GO:0071621","granulocyte chemotaxis","12/218","128/25615",0.09375,11.015625,10.5244502812618,1.06339848629078e-09,2.38397010541528e-07,5.2768248784189e-09,"Cxcl1/Ccl3/Ccl2/Ccl5/Ccl11/Ccl8/Cxcl5/S100a8/Cxcl10/Ppbp/Ccl7/Itgb2",12
"GO:0045766","positive regulation of angiogenesis","14/218","191/25615",0.0732984293193717,8.61256544502618,9.78366385480412,1.10676420864219e-09,2.38397010541528e-07,5.2768248784189e-09,"Camp/Klf4/Ccl5/Adm/Ccl11/Prl2c2/Hk2/Hmox1/Cd40/Il1a/Adm2/Itgb2/Mmp9/Smoc2",14
"GO:1904018","positive regulation of vasculature development","14/218","194/25615",0.0721649484536082,8.47938144329897,9.68826416683508,1.3565742989782e-09,2.7394322249991e-07,6.06362642081015e-09,"Camp/Klf4/Ccl5/Adm/Ccl11/Prl2c2/Hk2/Hmox1/Cd40/Il1a/Adm2/Itgb2/Mmp9/Smoc2",14
"GO:0097530","granulocyte migration","13/218","162/25615",0.0802469135802469,9.42901234567901,9.97103976770761,1.45984859609122e-09,2.7745710670416e-07,6.14140487762366e-09,"Cxcl1/Ccl3/Ccl2/Ccl5/Ccl11/Ccl8/Cxcl5/S100a8/Cxcl10/Ppbp/Il1a/Ccl7/Itgb2",13
"GO:0030595","leukocyte chemotaxis","15/218","233/25615",0.0643776824034335,7.56437768240343,9.32576228074429,1.67610208364922e-09,3.00860324015036e-07,6.65942596799115e-09,"Cxcl1/Ccl3/Ccl2/Ccl5/Ccl11/Ccl8/F7/Cxcl5/Ptn/S100a8/Cxcl10/Ppbp/Ccl7/Itgb2/Mmp9",15
"GO:0097529","myeloid leukocyte migration","15/218","243/25615",0.0617283950617284,7.25308641975309,9.07394110592076,2.97862663379086e-09,5.06523297567277e-07,1.12116957005054e-08,"Cxcl1/Ccl3/Ccl2/Ccl5/Ccl11/Ccl8/Trem2/Cxcl5/S100a8/Cxcl10/Ppbp/Il1a/Ccl7/Itgb2/Mmp9",15
"GO:0006959","humoral immune response","16/218","316/25615",0.0506329113924051,5.9493670886076,8.20195287727243,1.48152283561531e-08,2.39340014093653e-06,5.29769789437236e-08,"Ccl3/Ccl2/Camp/Wfdc21/Ccl5/Adm/Ccl11/Ccl8/Trem2/Cxcl5/Cxcl10/Ppbp/Ccl7/Kng1/Slpi/Kng2",16
"GO:0002687","positive regulation of leukocyte migration","12/218","166/25615",0.072289156626506,8.49397590361446,8.97442671324891,2.05492068572086e-08,3.16164225503052e-06,6.9981718605063e-08,"Ccl3/Ccl2/Aoc3/Ccl5/Trem2/F7/Ptn/Cxcl10/Ppbp/Il1a/Ccl7/Mmp9",12
"GO:0048245","eosinophil chemotaxis","6/218","22/25615",0.272727272727273,32.0454545454545,13.4966039777298,2.36192306608911e-08,3.19209988078194e-06,7.065588627578e-08,"Ccl3/Ccl2/Ccl5/Ccl11/Ccl8/Ccl7",6
"GO:0035296","regulation of tube diameter","13/218","204/25615",0.0637254901960784,7.48774509803922,8.61933427291487,2.3711048325214e-08,3.19209988078194e-06,7.065588627578e-08,"Htr1d/Dbh/Cacna1g/Adora2b/Adm/Avpr1a/Apln/Comp/Npy1r/Kng1/Ptgs2/Kcnma1/Kng2",13
"GO:0097746","blood vessel diameter maintenance","13/218","204/25615",0.0637254901960784,7.48774509803922,8.61933427291487,2.3711048325214e-08,3.19209988078194e-06,7.065588627578e-08,"Htr1d/Dbh/Cacna1g/Adora2b/Adm/Avpr1a/Apln/Comp/Npy1r/Kng1/Ptgs2/Kcnma1/Kng2",13
"GO:0035150","regulation of tube size","13/218","205/25615",0.0634146341463415,7.45121951219512,8.59195824065964,2.51284636890584e-08,3.2476026471739e-06,7.18844183695882e-08,"Htr1d/Dbh/Cacna1g/Adora2b/Adm/Avpr1a/Apln/Comp/Npy1r/Kng1/Ptgs2/Kcnma1/Kng2",13
"GO:0050729","positive regulation of inflammatory response","12/218","172/25615",0.0697674418604651,8.19767441860465,8.77501772078915,3.05325359691912e-08,3.79425475832526e-06,8.3984349712734e-08,"Ccl3/Aoc3/Traf1/Adora2b/Ccl5/Il6/Trem2/Map3k8/Mmp8/S100a8/Ccl7/Ptgs2",12
"GO:0032963","collagen metabolic process","11/218","139/25615",0.079136690647482,9.29856115107914,9.08908821513849,3.17539228758517e-08,3.79988610414358e-06,8.41089973567862e-08,"Ccl2/Adora2b/Il6/Mmp10/Mmp8/Tnxb/Klf15/Mmp13/Mmp3/Mmp9/Mfap4",11
"GO:0050727","regulation of inflammatory response","18/218","434/25615",0.0414746543778802,4.87327188940092,7.5398395157818,3.94168087081431e-08,4.54841817628609e-06,1.00677462924386e-07,"Ccl3/Aoc3/Cd33/Traf1/Adora2b/Ccl5/Cd200r3/Il6/Trem2/Ier3/Map3k8/Mmp8/S100a8/Npy1r/Ccl7/Ptgs2/Ptges/Rora",18
"GO:0002523","leukocyte migration involved in inflammatory response","6/218","25/25615",0.24,28.2,12.6060639322266,5.48795324306833e-08,6.11433687184613e-06,1.3533846270598e-07,"Ccl2/Aoc3/Ptn/S100a8/Ppbp/Itgb2",6
"GO:0009636","response to toxic substance","14/218","266/25615",0.0526315789473684,6.18421052631579,7.87442357051596,7.50978179681503e-08,8.08803499516979e-06,1.79025501129764e-07,"Htr1d/Ccl3/Ccl5/Cyp2f2/Mgst1/Abcb1a/Mt2/Hp/S100a8/Mt1/Ptgs2/Ptges/Lcn2/Gsta1",14
"GO:0072677","eosinophil migration","6/218","27/25615",0.222222222222222,26.1111111111111,12.0949862973568,9.04330400707566e-08,9.42545653124563e-06,2.08628805376185e-07,"Ccl3/Ccl2/Ccl5/Ccl11/Ccl8/Ccl7",6
"GO:0003018","vascular process in circulatory system","14/218","271/25615",0.0516605166051661,6.07011070110701,7.77392322509727,9.45119266990877e-08,9.54275109889851e-06,2.11225074898559e-07,"Htr1d/Dbh/Cacna1g/Adora2b/Adm/Abcb1a/Avpr1a/Apln/Comp/Npy1r/Kng1/Ptgs2/Kcnma1/Kng2",14
"GO:0035821","modulation of process of another organism","10/218","125/25615",0.08,9.4,8.72218140103842,1.2265763391072e-07,1.20092974292587e-05,2.65821116225806e-07,"Cxcl1/Ccl3/Camp/Ccl5/Ccl8/Cxcl5/Ptx3/Ifitm6/Lrrc15/Slpi",10
"GO:0070098","chemokine-mediated signaling pathway","9/218","99/25615",0.0909090909090909,10.6818181818182,8.94219143610346,1.7711727854637e-07,1.68313507936271e-05,3.7255538734927e-07,"Ccl3/Ccl2/Ccl5/Ccl11/Ccl8/Trem2/Cxcl5/Cxcl10/Ccl7",9
"GO:0030198","extracellular matrix organization","15/218","345/25615",0.0434782608695652,5.10869565217391,7.11846967036829,3.04651951625048e-07,2.78811324828406e-05,6.17137996780032e-07,"Il6/Col28a1/Mmp10/Mmp8/Tnxb/Dmp1/Comp/Mmp13/Angptl7/Mmp3/Ptx3/Mmp9/Smoc2/Mfap4/Col8a2",15
"GO:0045229","external encapsulating structure organization","15/218","346/25615",0.0433526011560694,5.09393063583815,7.10330138472642,3.16088618332676e-07,2.78811324828406e-05,6.17137996780032e-07,"Il6/Col28a1/Mmp10/Mmp8/Tnxb/Dmp1/Comp/Mmp13/Angptl7/Mmp3/Ptx3/Mmp9/Smoc2/Mfap4/Col8a2",15
"GO:0043062","extracellular structure organization","15/218","347/25615",0.0432276657060519,5.0792507204611,7.08819149735745,3.27911802645603e-07,2.78811324828406e-05,6.17137996780032e-07,"Il6/Col28a1/Mmp10/Mmp8/Tnxb/Dmp1/Comp/Mmp13/Angptl7/Mmp3/Ptx3/Mmp9/Smoc2/Mfap4/Col8a2",15
"GO:0071216","cellular response to biotic stimulus","15/218","347/25615",0.0432276657060519,5.0792507204611,7.08819149735745,3.27911802645603e-07,2.78811324828406e-05,6.17137996780032e-07,"Ccl2/Cd14/Camp/Nos2/Il6/Trem2/Cxcl5/Mmp8/Ddit3/Prdm1/Cxcl10/Ppbp/Il1a/Havcr2/Lcn2",15
"GO:1990868","response to chemokine","9/218","110/25615",0.0818181818181818,9.61363636363637,8.38775916160105,4.38238285374099e-07,3.53986975010929e-05,7.83536367394393e-07,"Ccl3/Ccl2/Ccl5/Ccl11/Ccl8/Trem2/Cxcl5/Cxcl10/Ccl7",9
"GO:1990869","cellular response to chemokine","9/218","110/25615",0.0818181818181818,9.61363636363637,8.38775916160105,4.38238285374099e-07,3.53986975010929e-05,7.83536367394393e-07,"Ccl3/Ccl2/Ccl5/Ccl11/Ccl8/Trem2/Cxcl5/Cxcl10/Ccl7",9
