CHROM	POS	REF	ALT	GENE	CONSEQUENCE	CLINVAR_SIG	FILTER	DP	GQ	AF	kept	drop_reason
chr17	7673803	G	A	TP53	splice_acceptor_variant	Pathogenic	PASS	80	99	1e-5	TRUE	NA
chr13	32316461	C	T	BRCA2	missense_variant	Uncertain_significance	PASS	60	90	1e-4	TRUE	NA
chr1	169519049	G	A	F5	missense_variant	Benign	PASS	55	95	0.42	FALSE	AF=0.42 > 0.001 (too common for a penetrant allele)
chr7	117199644	C	T	CFTR	synonymous_variant	Benign	PASS	70	99	5e-5	FALSE	CONSEQUENCE=synonymous_variant (no expected protein/transcript effect)
chr2	47641560	A	G	MSH2	stop_gained	Pathogenic	LowQual	8	12	2e-5	FALSE	FILTER=LowQual (caller distrusts the call)
chr6	29942857	T	C	HLA-A	missense_variant	Uncertain_significance	FAIL	45	40	3e-5	FALSE	FILTER=FAIL (caller distrusts the call)
chr8	128750000	A	G	.	intergenic_variant	.	PASS	50	85	8e-5	FALSE	CONSEQUENCE=intergenic_variant (no expected protein/transcript effect)
chr11	108323000	G	C	ATM	missense_variant	Benign	PASS	65	92	0.18	FALSE	AF=0.18 > 0.001 (too common for a penetrant allele)
chr19	11200200	C	T	LDLR	missense_variant	Likely_benign	PASS	40	88	2e-4	FALSE	ClinVar Likely_benign (positive evidence against)
chrX	153870000	G	A	MECP2	frameshift_variant	Pathogenic	PASS	5	20	1e-5	FALSE	DP=5 < 20 (genotype not supportable)
chr4	88000000	G	T	.	intron_variant	.	PASS	75	98	0.35	FALSE	AF=0.35 > 0.001 (too common for a penetrant allele)
chr12	25398284	C	A	KRAS	missense_variant	Conflicting_interpretations_of_pathogenicity	PASS	58	91	1.5e-4	TRUE	NA
