"feature","pvalue","padj","mean_poor","mean_great"
"k__Bacteria;p__Firmicutes;c__Clostridia;o__Clostridiales;f__Lachnospiraceae;g__Clostridium;s__colinum",0.0216128331386956,1,0.000272627369204855,0.00163434905343767
"k__Bacteria;p__TM7;c__TM7-3;o__;f__;g__;s__",0.0257781853912358,1,6.75905772969076e-05,0.00045145853689079
"k__Bacteria;p__Firmicutes;c__Bacilli;o__Lactobacillales;f__Streptococcaceae;g__Streptococcus;s__",0.0326557625393488,1,0.0166987376716879,0.0239442770337391
"k__Bacteria;p__Firmicutes;c__Bacilli;o__Lactobacillales;f__Lactobacillaceae;g__Lactobacillus;s__salivarius",0.0486489302584043,1,0.00148639094521367,0.000163872101102532
"k__Bacteria;p__Proteobacteria;c__Betaproteobacteria;o__Burkholderiales;f__Comamonadaceae;__;__",0.0673752477031166,1,0,0.000212146591539067
"k__Bacteria;p__Verrucomicrobia;c__Verrucomicrobiae;o__Verrucomicrobiales;f__Verrucomicrobiaceae;g__Akkermansia;s__muciniphila",0.0722619297522358,1,0.00930243980925978,0.00679018443248104
"k__Bacteria;p__Firmicutes;c__Bacilli;o__Turicibacterales;f__Turicibacteraceae;g__Turicibacter;s__",0.0903815001022298,1,0.000571302758878722,0.00155537951297943
"k__Bacteria;p__Proteobacteria;c__Gammaproteobacteria;o__Pasteurellales;f__Pasteurellaceae;__;__",0.0909756169550557,1,4.79198135276103e-05,0.00109243677175825
"k__Bacteria;p__Bacteroidetes;c__Bacteroidia;o__Bacteroidales;f__[Barnesiellaceae];g__;s__",0.0929487179487174,1,0.000724095990576676,5.91686800453627e-05
"k__Bacteria;p__Firmicutes;c__Clostridia;o__Clostridiales;f__Ruminococcaceae;g__Ruminococcus;__",0.0932074559836653,1,0.00464905473525968,0.000262841108478738
"k__Bacteria;p__Firmicutes;c__Clostridia;o__Clostridiales;f__Clostridiaceae;g__;s__",0.102603298116843,1,0.00116736602400939,0.00229811260295376
"k__Bacteria;p__Bacteroidetes;c__Bacteroidia;o__Bacteroidales;f__Bacteroidaceae;g__Bacteroides;__",0.104877691124381,1,0.0118366473063087,0.0157456354851836
"k__Bacteria;p__Firmicutes;c__Clostridia;o__Clostridiales;f__Lachnospiraceae;g__Roseburia;__",0.128300115299272,1,0.0225875857526914,0.0299057841232421
"k__Bacteria;p__Actinobacteria;c__Actinobacteria;o__Actinomycetales;f__Micrococcaceae;g__Rothia;s__dentocariosa",0.136996336996337,1,1.44888899192099e-05,0.000434730523826656
"k__Bacteria;p__Firmicutes;c__Clostridia;o__Clostridiales;f__Lachnospiraceae;g__Blautia;s__",0.142301278218198,1,0.0110757390846153,0.0154985841869901
"k__Bacteria;p__Firmicutes;c__Clostridia;o__Clostridiales;f__Lachnospiraceae;g__Coprococcus;s__eutactus",0.156605218241493,1,0.00257370548008753,0.00072089227892378
"k__Bacteria;p__Proteobacteria;c__Deltaproteobacteria;o__Desulfovibrionales;f__Desulfovibrionaceae;g__Desulfovibrio;s__",0.157560031355392,1,0.000874754091137857,0.00148390017797103
"k__Bacteria;p__Firmicutes;c__Clostridia;o__Clostridiales;f__Veillonellaceae;g__Megamonas;s__",0.184902602777686,1,0.0244302518220225,0.0147872337165439
"k__Bacteria;p__Bacteroidetes;c__Bacteroidia;o__Bacteroidales;f__Prevotellaceae;g__Prevotella;s__",0.185814773109488,1,0.00115578182011901,0.000272049223176085
"k__Bacteria;p__Firmicutes;c__Clostridia;o__Clostridiales;f__Lachnospiraceae;g__;s__",0.191434829626152,1,0.0218427535042212,0.013425970340452
"k__Bacteria;p__Proteobacteria;c__Gammaproteobacteria;o__Pseudomonadales;f__Pseudomonadaceae;g__Pseudomonas;__",0.212318496349879,1,0.000481083233674314,0.000765496536391899
"k__Bacteria;p__Firmicutes;c__Clostridia;o__Clostridiales;f__Clostridiaceae;g__Clostridium;s__",0.220893850178663,1,0.0049508421615209,0.00810871739496711
"k__Bacteria;p__Firmicutes;c__Clostridia;o__Clostridiales;f__Ruminococcaceae;g__Faecalibacterium;__",0.222663668061513,1,9.5479633430023e-05,4.00663809080093e-05
"k__Bacteria;p__Firmicutes;c__Clostridia;o__Clostridiales;f__Ruminococcaceae;g__Oscillospira;s__",0.228212308774085,1,0.0134037171650328,0.0113315465073044
"k__Bacteria;p__Firmicutes;c__Erysipelotrichi;o__Erysipelotrichales;f__Erysipelotrichaceae;g__Catenibacterium;s__",0.235038972814084,1,0.0106472130758721,0.00275605200058534
"k__Bacteria;p__Bacteroidetes;c__Bacteroidia;o__Bacteroidales;f__Rikenellaceae;g__;s__",0.235871592817686,1,0.00346153397061836,0.00199977018436523
"k__Bacteria;p__Bacteroidetes;c__[Saprospirae];o__[Saprospirales];f__Chitinophagaceae;g__;s__",0.240578937159252,1,0.000394686739153909,0.000607025034016882
"k__Bacteria;p__Firmicutes;c__Erysipelotrichi;o__Erysipelotrichales;f__Erysipelotrichaceae;g__Holdemania;s__",0.241427970936168,1,0.000181170798166068,0.000320231220423415
"k__Bacteria;p__Bacteroidetes;c__Bacteroidia;o__Bacteroidales;f__Bacteroidaceae;g__Bacteroides;s__fragilis",0.246932664493464,1,0.00532989292599678,0.0043528229371712
"k__Bacteria;p__Bacteroidetes;c__Bacteroidia;o__Bacteroidales;f__Rikenellaceae;g__Alistipes;s__putredinis",0.265037182070602,1,0.00261067339053049,0.00409168471320699
"k__Bacteria;p__Bacteroidetes;c__Bacteroidia;o__Bacteroidales;f__[Odoribacteraceae];g__Odoribacter;s__",0.267654664410022,1,0.00100564552850277,0.000415452600806832
"k__Bacteria;p__Firmicutes;c__Clostridia;o__Clostridiales;f__Lachnospiraceae;g__Dorea;s__formicigenerans",0.275823165152069,1,0.00686255879509313,0.00557979164404468
"k__Bacteria;p__Firmicutes;c__Bacilli;o__Lactobacillales;f__Lactobacillaceae;g__Lactobacillus;s__",0.283657196231111,1,0.014242266127,0.0063793247034075
"k__Bacteria;p__Bacteroidetes;c__Bacteroidia;o__Bacteroidales;f__S24-7;g__;s__",0.287977028400876,1,0.000783775293488796,0.000638816370585741
"k__Bacteria;p__Actinobacteria;c__Actinobacteria;o__Actinomycetales;f__Micrococcaceae;g__Rothia;s__mucilaginosa",0.29259811027921,1,0.00363367374718771,0.0045128377004681
"k__Bacteria;p__Bacteroidetes;c__Bacteroidia;o__Bacteroidales;f__Bacteroidaceae;g__Bacteroides;s__uniformis",0.296456620510949,1,0.00754964765171913,0.00979429093677449
"k__Bacteria;p__Firmicutes;c__Clostridia;o__Clostridiales;f__Clostridiaceae;g__Clostridium;s__neonatale",0.314325164118966,1,0.000402715541176167,0.00164229366298156
"k__Bacteria;p__Firmicutes;c__Bacilli;o__Lactobacillales;f__Enterococcaceae;g__Enterococcus;s__",0.323560159752508,1,0.00267514090297752,0.0240207638196503
"k__Bacteria;p__Proteobacteria;c__Deltaproteobacteria;o__Desulfovibrionales;f__Desulfovibrionaceae;g__Desulfovibrio;s__C21_c20",0.324520824360071,1,0.000546527451207692,0.000948614553046046
"k__Bacteria;p__Firmicutes;c__Clostridia;o__Clostridiales;f__Lachnospiraceae;g__Roseburia;s__",0.329832937656909,1,0.00349725741946247,0.0151901760611719
"k__Bacteria;p__Firmicutes;c__Clostridia;o__Clostridiales;f__Lachnospiraceae;g__[Ruminococcus];s__torques",0.332335972232288,1,0.000959846560792461,0.00156897556337604
"k__Bacteria;p__Firmicutes;c__Bacilli;o__Lactobacillales;f__Carnobacteriaceae;g__Granulicatella;s__",0.334846266799124,1,0.00307399996403547,0.00352865289721942
"k__Bacteria;p__Firmicutes;c__Clostridia;o__Clostridiales;f__Veillonellaceae;g__Veillonella;s__parvula",0.337913092078135,1,0.00184426263174295,0.00238231797738754
"k__Bacteria;p__Firmicutes;c__Clostridia;o__Clostridiales;f__[Tissierellaceae];g__Anaerococcus;s__",0.345859604875998,1,0.000346555465918258,0.000711773109151964
"k__Bacteria;p__Firmicutes;c__Bacilli;o__Lactobacillales;f__Aerococcaceae;g__Abiotrophia;s__",0.345859604875998,1,5.57471088155691e-05,0.00020118246395168
"k__Bacteria;p__Actinobacteria;c__Coriobacteriia;o__Coriobacteriales;f__Coriobacteriaceae;g__Collinsella;s__aerofaciens",0.348361618701878,1,0.00490893249768754,0.0091181324510693
"k__Bacteria;p__Proteobacteria;c__Betaproteobacteria;o__Burkholderiales;f__Alcaligenaceae;g__Sutterella;s__",0.354866459336187,1,0.00935118814866892,0.0118540823469265
"k__Bacteria;p__Firmicutes;c__Bacilli;o__Lactobacillales;f__Leuconostocaceae;g__Weissella;__",0.368251051921179,1,0.00184220277606108,0.00212371835026011
"k__Bacteria;p__Firmicutes;c__Bacilli;o__Lactobacillales;f__Lactobacillaceae;g__Lactobacillus;s__helveticus",0.37047264539495,1,0.012974510501623,0.000911740147653099
"k__Bacteria;p__Firmicutes;c__Clostridia;o__Clostridiales;f__[Mogibacteriaceae];g__;s__",0.378440962678766,1,0.000499632199002821,0.000360630990449657
"k__Bacteria;p__Proteobacteria;c__Alphaproteobacteria;o__Caulobacterales;f__Caulobacteraceae;g__;s__",0.398199300182559,1,0.00148897954559167,0.00220169850026227
"k__Bacteria;__;__;__;__;__;__",0.404171515253026,1,0.000944362672267827,0.000232336511787933
"k__Bacteria;p__Bacteroidetes;c__Bacteroidia;o__Bacteroidales;f__Prevotellaceae;g__Prevotella;s__copri",0.405121424482985,1,0.0225023886796928,0.0293805531027629
"k__Bacteria;p__Bacteroidetes;c__Bacteroidia;o__Bacteroidales;f__Prevotellaceae;g__Prevotella;s__stercorea",0.413382034820737,1,0.00264190597143023,0.000257389536934604
"k__Bacteria;p__Firmicutes;c__Bacilli;o__Lactobacillales;f__Lactobacillaceae;g__Lactobacillus;__",0.419186135949583,1,0.00836688586947533,0.00142521350308352
"k__Bacteria;p__Bacteroidetes;c__Bacteroidia;o__Bacteroidales;f__Rikenellaceae;__;__",0.421939742596065,1,0.000555385389241429,0.000421056191816808
"k__Bacteria;p__Firmicutes;c__Clostridia;o__Clostridiales;f__;g__;s__",0.426728927399647,1,0.00694642541741148,0.00379425803908201
"k__Bacteria;p__Firmicutes;c__Bacilli;o__Lactobacillales;__;__;__",0.435537022606531,1,0.000371026993748706,7.93184710020387e-05
"k__Bacteria;p__Firmicutes;c__Clostridia;o__Clostridiales;f__Peptostreptococcaceae;g__;s__",0.438149469898055,1,0.000812048455389792,0.00276557473940579
"k__Bacteria;p__Firmicutes;c__Clostridia;o__Clostridiales;f__Peptostreptococcaceae;__;__",0.453670775811332,1,0.00121962783126156,0.0021204332451773
"k__Bacteria;p__Proteobacteria;c__Alphaproteobacteria;o__Rhodobacterales;f__Hyphomonadaceae;g__Woodsholea;s__maritima",0.471531571142574,1,9.84624051687038e-05,0.000186088580970411
"k__Bacteria;p__Firmicutes;c__Clostridia;o__Clostridiales;f__Veillonellaceae;g__Megasphaera;s__",0.482743172550427,1,0.00619878924403631,0.00423078145155764
"k__Bacteria;p__Bacteroidetes;c__Bacteroidia;o__Bacteroidales;f__[Paraprevotellaceae];g__CF231;s__",0.498622842184651,1,0.000233289659751707,0.00018781415428784
"k__Bacteria;p__Firmicutes;c__Bacilli;o__Lactobacillales;f__Streptococcaceae;g__Streptococcus;s__anginosus",0.51578226348996,1,0.00054872513026379,0.00102344155544806
"k__Bacteria;p__Proteobacteria;c__Betaproteobacteria;o__Rhodocyclales;f__Rhodocyclaceae;g__Methyloversatilis;s__",0.524042392728139,1,7.34148195611117e-05,0.000143164595165592
"k__Bacteria;p__Firmicutes;c__Bacilli;o__Lactobacillales;f__Lactobacillaceae;g__Lactobacillus;s__mucosae",0.528131567885666,1,0.00166630047596973,0.000635100971761791
"k__Bacteria;p__Proteobacteria;c__Gammaproteobacteria;o__Pseudomonadales;f__Moraxellaceae;g__Acinetobacter;s__rhizosphaerae",0.529114863533865,1,0.000410245311571447,0.000967329703578168
"k__Bacteria;p__Actinobacteria;c__Coriobacteriia;o__Coriobacteriales;f__Coriobacteriaceae;g__Eggerthella;s__lenta",0.53317147179933,1,0.00120084373617688,0.00141104295531972
"k__Bacteria;p__Firmicutes;c__Bacilli;o__Gemellales;f__Gemellaceae;__;__",0.541711616549657,1,0.000509710390596384,0.000466763728896231
"k__Bacteria;p__Firmicutes;c__Bacilli;o__Lactobacillales;f__Lactobacillaceae;g__Lactobacillus;s__reuteri",0.544413919413919,1,0.000453454660297728,0.000234546009526257
"k__Bacteria;p__Firmicutes;c__Clostridia;o__Clostridiales;f__Clostridiaceae;g__Clostridium;s__celatum",0.544413919413919,1,0.000571066132199794,0.000295973433049947
"k__Bacteria;p__Firmicutes;c__Bacilli;o__Lactobacillales;f__Streptococcaceae;g__Streptococcus;s__luteciae",0.550231189575452,1,0.0001638874167002,0.00107615863490182
"k__Bacteria;p__TM7;c__TM7-3;o__CW040;f__F16;g__;s__",0.550231189575452,1,3.1592396401123e-05,0.000162436109386577
"k__Bacteria;p__Proteobacteria;c__Gammaproteobacteria;o__Enterobacteriales;f__Enterobacteriaceae;g__Klebsiella;__",0.553099895405891,1,0.00308018380269998,0.00181337664454348
"k__Bacteria;p__Actinobacteria;c__Coriobacteriia;o__Coriobacteriales;f__Coriobacteriaceae;g__;s__",0.555234033512851,1,0.00167164904349376,0.000770842877442953
"k__Bacteria;p__Firmicutes;c__Clostridia;o__Clostridiales;f__Ruminococcaceae;g__Gemmiger;s__formicilis",0.560548625132521,1,0.0101416647637887,0.00859429276406844
"k__Bacteria;p__Actinobacteria;c__Actinobacteria;o__Bifidobacteriales;f__Bifidobacteriaceae;g__Bifidobacterium;s__breve",0.566031481683006,1,0.000824272011554889,0.0012238952532972
"k__Bacteria;p__Firmicutes;c__Clostridia;o__Clostridiales;f__Veillonellaceae;g__Dialister;s__",0.566398597056371,1,0.0310779111476096,0.0167777012553566
"k__Bacteria;p__Actinobacteria;c__Coriobacteriia;o__Coriobacteriales;f__Coriobacteriaceae;g__Atopobium;s__",0.577322760444284,1,0.000993525893266936,0.000781154779663398
"k__Bacteria;p__Actinobacteria;c__Actinobacteria;o__Bifidobacteriales;f__Bifidobacteriaceae;__;__",0.587000775776595,1,0.000159061913113869,0.000135076625008059
"k__Bacteria;p__Proteobacteria;c__Gammaproteobacteria;o__Pasteurellales;f__Pasteurellaceae;g__Haemophilus;s__parainfluenzae",0.593453917019465,1,0.0058002603225598,0.00741815399141219
"k__Bacteria;p__Firmicutes;c__Clostridia;o__Clostridiales;f__Lachnospiraceae;g__Lachnospira;s__",0.602685020577872,1,0.0106404204962542,0.00726020095430245
"k__Bacteria;p__Firmicutes;c__Clostridia;o__Clostridiales;f__Lachnospiraceae;g__Dorea;s__",0.605361642189114,1,0.0101561829188143,0.00856051212025998
"k__Bacteria;p__Bacteroidetes;c__Bacteroidia;o__Bacteroidales;f__Bacteroidaceae;g__Bacteroides;s__plebeius",0.612544037947971,1,0.00747827210800074,0.00326326981850877
"k__Bacteria;p__Bacteroidetes;c__Bacteroidia;o__Bacteroidales;f__[Odoribacteraceae];g__Butyricimonas;s__",0.621983925123686,1,0.000209254226124394,0.000359378233479056
"k__Bacteria;p__Firmicutes;c__Clostridia;o__Clostridiales;f__Clostridiaceae;g__Clostridium;s__perfringens",0.621983925123686,1,0.00116483278553099,0.000782377701781507
"k__Bacteria;p__Firmicutes;c__Bacilli;o__Gemellales;f__Gemellaceae;g__;s__",0.623508280391825,1,0.0005162201646898,0.000401269356093748
"k__Bacteria;p__Firmicutes;c__Clostridia;o__Clostridiales;f__Veillonellaceae;g__Phascolarctobacterium;s__",0.628720020469008,1,0.00705134233566593,0.00607612358474604
"k__Bacteria;p__Proteobacteria;c__Deltaproteobacteria;o__Desulfovibrionales;f__Desulfovibrionaceae;g__Bilophila;s__",0.63386672216022,1,0.00169677136492062,0.00210767717420501
"k__Bacteria;p__Proteobacteria;c__Alphaproteobacteria;o__Caulobacterales;f__Caulobacteraceae;g__Caulobacter;s__",0.638069439955928,1,0.00128730162729899,0.00187745906133632
"k__Bacteria;p__Firmicutes;c__Clostridia;o__Clostridiales;f__Lachnospiraceae;g__[Ruminococcus];s__gnavus",0.646651544764259,1,0.0339809408762502,0.0196411718583703
"k__Bacteria;p__Firmicutes;c__Clostridia;o__Clostridiales;f__Christensenellaceae;g__;s__",0.647103056886764,1,0.00170053618659894,0.00143947150920856
"k__Bacteria;p__Firmicutes;c__Clostridia;o__Clostridiales;f__Lachnospiraceae;g__Coprococcus;s__",0.653839904275187,1,0.00819951167147358,0.00915443537416262
"k__Bacteria;p__Firmicutes;c__Clostridia;o__Clostridiales;__;__;__",0.661816303979804,1,0.0156999366083865,0.0150123721343553
"k__Bacteria;p__Proteobacteria;c__Betaproteobacteria;o__Burkholderiales;f__Comamonadaceae;g__Hydrogenophaga;s__palleronii",0.669708426406261,1,0.00206433667784061,0.00298068546708141
"k__Bacteria;p__Firmicutes;c__Clostridia;o__Clostridiales;f__Veillonellaceae;g__Veillonella;s__",0.670697833381704,1,0.0110315240546001,0.00373124734459796
"k__Bacteria;p__Actinobacteria;c__Actinobacteria;o__Bifidobacteriales;f__Bifidobacteriaceae;g__Bifidobacterium;s__adolescentis",0.675220462175607,1,0.0292926801351035,0.0588962840432795
"k__Bacteria;p__Firmicutes;c__Clostridia;o__Clostridiales;f__Ruminococcaceae;g__Ruminococcus;s__bromii",0.678290134769675,1,0.00532749654756565,0.00268411353626042
"k__Bacteria;p__Firmicutes;c__Erysipelotrichi;o__Erysipelotrichales;f__Erysipelotrichaceae;__;__",0.684981684981685,1,2.5601210988633e-05,5.23463493691867e-05
"k__Bacteria;p__Proteobacteria;c__Alphaproteobacteria;o__Rhizobiales;__;__;__",0.686263878217784,1,0.000134847332407651,0.000197099481796857
"k__Bacteria;p__Cyanobacteria;c__Chloroplast;o__Streptophyta;f__;g__;s__",0.690710120032593,1,0.000724500124368091,0.000800549628168633
"k__Bacteria;p__Firmicutes;c__Clostridia;o__Clostridiales;f__Lachnospiraceae;g__Blautia;s__producta",0.694445577263683,1,0.00784172082232351,0.00311743517246461
"k__Bacteria;p__Firmicutes;c__Clostridia;o__Clostridiales;f__Lachnospiraceae;g__Clostridium;s__citroniae",0.696633045520164,1,0.00198296981082325,0.00191526013360864
"k__Bacteria;p__Bacteroidetes;c__Bacteroidia;o__Bacteroidales;f__Bacteroidaceae;g__Bacteroides;s__",0.699940054353521,1,0.030948909925203,0.0326059443281598
"k__Bacteria;p__Proteobacteria;c__Epsilonproteobacteria;o__Campylobacterales;f__Campylobacteraceae;g__Campylobacter;s__",0.719335448287935,1,0.000301520632406714,0.000105347581279365
"k__Bacteria;p__Firmicutes;c__Clostridia;o__Clostridiales;f__Ruminococcaceae;g__Faecalibacterium;s__prausnitzii",0.720741229338578,1,0.041558841866729,0.0359838809514615
"k__Bacteria;p__Proteobacteria;c__Gammaproteobacteria;o__Pseudomonadales;f__Pseudomonadaceae;g__Pseudomonas;s__viridiflava",0.721490313222468,1,0.00374030145837308,0.00447288927161318
"k__Bacteria;p__Bacteroidetes;c__Bacteroidia;o__Bacteroidales;__;__;__",0.724209716374206,1,2.99095462961655e-05,5.99221205590743e-05
"k__Bacteria;p__Actinobacteria;c__Actinobacteria;o__Bifidobacteriales;f__Bifidobacteriaceae;g__Bifidobacterium;s__longum",0.730585623105029,1,0.0157221652196681,0.0104241070887304
"k__Bacteria;p__Proteobacteria;c__Alphaproteobacteria;o__Caulobacterales;f__Caulobacteraceae;g__Brevundimonas;__",0.730720801902225,1,0.00135823335275546,0.00171059498216702
"k__Bacteria;p__Firmicutes;c__Clostridia;o__Clostridiales;f__Ruminococcaceae;g__Ruminococcus;s__callidus",0.744578809753347,1,0.00109972007075937,0.00124609224212255
"k__Bacteria;p__Firmicutes;c__Erysipelotrichi;o__Erysipelotrichales;f__Erysipelotrichaceae;g__Bulleidia;s__moorei",0.754736002165844,1,0.000125932202818439,0.000125229685810792
"k__Bacteria;p__Firmicutes;c__Erysipelotrichi;o__Erysipelotrichales;f__Erysipelotrichaceae;g__Clostridium;s__ramosum",0.757533360685048,1,0.00246019710005684,0.00246101528800377
"k__Bacteria;p__Bacteroidetes;c__Bacteroidia;o__Bacteroidales;f__[Paraprevotellaceae];g__Paraprevotella;s__",0.761852812080214,1,0.00146062851408191,0.00249971828421443
"k__Bacteria;p__Firmicutes;c__Clostridia;o__Clostridiales;f__Lachnospiraceae;g__Blautia;s__obeum",0.763480526824145,1,0.00196195113563217,0.00140431957918379
"k__Bacteria;p__Proteobacteria;c__Alphaproteobacteria;o__Sphingomonadales;f__Sphingomonadaceae;g__Sphingomonas;s__yabuuchiae",0.795252454131651,1,0.00106288390775024,0.00127894044842515
"k__Bacteria;p__Bacteroidetes;c__Bacteroidia;o__Bacteroidales;f__Rikenellaceae;g__Alistipes;s__onderdonkii",0.796150843691828,1,0.000218255465145899,0.00106125050979246
"k__Bacteria;p__Firmicutes;c__Erysipelotrichi;o__Erysipelotrichales;f__Erysipelotrichaceae;g__[Eubacterium];s__biforme",0.797245146015273,1,0.00314931109489294,0.00137047324318344
"k__Bacteria;p__Fusobacteria;c__Fusobacteriia;o__Fusobacteriales;f__Fusobacteriaceae;g__Fusobacterium;s__",0.818440114346376,1,0.00142292758071563,0.00207551387743158
"k__Bacteria;p__Firmicutes;c__Clostridia;o__Clostridiales;f__Clostridiaceae;g__Clostridium;__",0.819887103142686,1,0.0021986546644808,0.00107615920896591
"k__Bacteria;p__Proteobacteria;c__Deltaproteobacteria;o__Desulfovibrionales;f__Desulfovibrionaceae;g__;s__",0.824258799082162,1,0.000899750696059638,0.000949430456384353
"k__Bacteria;p__Actinobacteria;c__Actinobacteria;o__Bifidobacteriales;f__Bifidobacteriaceae;g__Bifidobacterium;s__bifidum",0.8270601241814,1,0.00091017115803502,0.00114289453644932
"k__Bacteria;p__Bacteroidetes;c__Bacteroidia;o__Bacteroidales;f__Porphyromonadaceae;g__Parabacteroides;s__distasonis",0.835242985193168,1,0.00581127106102791,0.00644085316143138
"k__Bacteria;p__Actinobacteria;c__Actinobacteria;o__Actinomycetales;f__Actinomycetaceae;g__Actinomyces;s__",0.848689123242218,1,0.00712324390349825,0.00808001872266955
"k__Bacteria;p__Firmicutes;c__Erysipelotrichi;o__Erysipelotrichales;f__Erysipelotrichaceae;g__Clostridium;s__spiroforme",0.849137479173601,1,0.000669865594965795,0.00107670855644625
"k__Bacteria;p__Firmicutes;c__Clostridia;o__Clostridiales;f__Lachnospiraceae;__;__",0.857604292527663,1,0.0382845034231019,0.0303729290809971
"k__Bacteria;p__Proteobacteria;c__Deltaproteobacteria;o__Desulfovibrionales;f__Desulfovibrionaceae;g__Desulfovibrio;s__D168",0.861167988258847,1,0.00156248049981843,0.00501228262161571
"k__Bacteria;p__Firmicutes;c__Clostridia;o__Clostridiales;f__Ruminococcaceae;g__;s__",0.866858179306067,1,0.00398596109630975,0.00434999539032927
"k__Bacteria;p__Actinobacteria;c__Actinobacteria;o__Bifidobacteriales;f__Bifidobacteriaceae;g__Bifidobacterium;s__",0.872455321026609,1,0.0485372303169607,0.0637682618688078
"k__Bacteria;p__Firmicutes;c__Clostridia;o__Clostridiales;f__Veillonellaceae;g__Veillonella;__",0.88122490574116,1,0.00393200781255372,0.00230352084024931
"k__Bacteria;p__Proteobacteria;c__Gammaproteobacteria;o__Enterobacteriales;f__Enterobacteriaceae;__;__",0.891071338252564,1,0.159596600721192,0.169266927180232
"k__Bacteria;p__Bacteroidetes;c__Bacteroidia;o__Bacteroidales;f__Bacteroidaceae;g__Bacteroides;s__caccae",0.897482826535734,1,0.00194782512910704,0.00257440792511039
"k__Bacteria;p__Firmicutes;c__Clostridia;o__Clostridiales;f__Ruminococcaceae;g__Butyricicoccus;s__pullicaecorum",0.909900210054493,1,0.00170315348808118,0.000946049117118537
"k__Bacteria;p__Firmicutes;c__Clostridia;o__Clostridiales;f__Lachnospiraceae;g__Clostridium;s__hathewayi",0.917578550004224,1,0.000744785383959245,0.000366277540972233
"k__Bacteria;p__Proteobacteria;c__Alphaproteobacteria;o__Rhizobiales;f__Rhizobiaceae;g__Agrobacterium;s__",0.917578550004224,1,0.000394548310447955,0.000439084194448264
"k__Bacteria;p__Firmicutes;c__Clostridia;o__Clostridiales;f__Lachnospiraceae;g__Anaerostipes;s__",0.924192883265039,1,0.00193550409189809,0.00194313044445806
"k__Bacteria;p__Firmicutes;c__Clostridia;o__Clostridiales;f__Lachnospiraceae;g__[Ruminococcus];s__",0.927658037749234,1,0.00568812815372541,0.00653211288195985
"k__Bacteria;p__Firmicutes;c__Clostridia;o__Clostridiales;f__Clostridiaceae;g__Clostridium;s__butyricum",0.928429040626873,1,0.00219956242944139,0.000492448265412036
"k__Bacteria;p__Firmicutes;c__Clostridia;o__Clostridiales;f__Ruminococcaceae;__;__",0.928938841180517,1,0.00944823165850264,0.00956884268236869
"k__Bacteria;p__Firmicutes;c__Clostridia;o__Clostridiales;f__Lachnospiraceae;g__Coprococcus;s__catus",0.931161714961307,1,0.000931958111435209,0.000714546947649996
"k__Bacteria;p__Firmicutes;c__Bacilli;o__Lactobacillales;f__Streptococcaceae;g__Streptococcus;__",0.934430562717141,1,0.00457733757679764,0.00289808440568951
"k__Bacteria;p__Firmicutes;c__Clostridia;o__Clostridiales;f__Lachnospiraceae;g__Dorea;s__longicatena",0.945030092999949,1,0.00177986341297441,0.00191392047447085
"k__Bacteria;p__Firmicutes;c__Bacilli;o__Lactobacillales;f__Lactobacillaceae;g__Lactobacillus;s__zeae",0.954482675794151,1,0.000700396295817228,0.000206438328733712
"k__Bacteria;p__Proteobacteria;c__Gammaproteobacteria;o__Enterobacteriales;f__Enterobacteriaceae;g__Citrobacter;__",0.954482675794151,1,0.000277790993990617,0.000275414481999154
"k__Bacteria;p__Firmicutes;c__Clostridia;o__Clostridiales;f__Ruminococcaceae;g__Anaerotruncus;s__",0.954482675794151,1,0.000241939133104025,0.000334155186290768
"k__Bacteria;p__Bacteroidetes;c__Bacteroidia;o__Bacteroidales;f__Porphyromonadaceae;g__Parabacteroides;s__",0.958809961812815,1,0.00252232991494717,0.00220762499426963
"k__Bacteria;p__Firmicutes;c__Erysipelotrichi;o__Erysipelotrichales;f__Erysipelotrichaceae;g__[Eubacterium];s__dolichum",0.965692781550988,1,0.000487632537410155,0.000730874278000016
"k__Bacteria;p__Actinobacteria;c__Actinobacteria;o__Bifidobacteriales;f__Bifidobacteriaceae;g__Bifidobacterium;__",0.971133677537069,1,0.000203772891593991,0.000344020865903493
"k__Bacteria;p__Bacteroidetes;c__Bacteroidia;o__Bacteroidales;f__Bacteroidaceae;g__Bacteroides;s__ovatus",0.984089692752998,1,0.0124922324809097,0.0102476106333635
"k__Bacteria;p__Bacteroidetes;c__Bacteroidia;o__Bacteroidales;f__Rikenellaceae;g__Alistipes;s__indistinctus",0.986019620834848,1,0.000928509943362255,0.000722626632367307
"k__Bacteria;p__Firmicutes;c__Clostridia;o__Clostridiales;f__Veillonellaceae;__;__",0.991539062030866,1,3.44767083819216e-05,6.83324733801153e-05
"k__Bacteria;p__Firmicutes;c__Clostridia;o__Clostridiales;f__Ruminococcaceae;g__Ruminococcus;s__",0.992218810382951,1,0.00735146556121026,0.00657811928350838
"k__Bacteria;p__Firmicutes;c__Erysipelotrichi;o__Erysipelotrichales;f__Erysipelotrichaceae;g__;s__",0.994974981428516,1,0.0107773712330628,0.00986414842850243
"k__Bacteria;p__Actinobacteria;c__Coriobacteriia;o__Coriobacteriales;f__Coriobacteriaceae;g__Adlercreutzia;s__",1,1,8.14918792394758e-05,6.6007249081995e-05
"k__Bacteria;p__Firmicutes;c__Clostridia;o__Clostridiales;f__Veillonellaceae;g__Veillonella;s__dispar",1,1,0.010453721488963,0.0240252860279663
"k__Bacteria;p__Actinobacteria;c__Coriobacteriia;o__Coriobacteriales;f__Coriobacteriaceae;g__Collinsella;s__",NA,NA,5.78195672805392e-05,7.62621383903605e-06
"k__Bacteria;p__Proteobacteria;c__Betaproteobacteria;o__Neisseriales;f__Neisseriaceae;g__Neisseria;s__subflava",NA,NA,0,0
"k__Bacteria;p__Bacteroidetes;c__Bacteroidia;o__Bacteroidales;f__Prevotellaceae;g__Prevotella;__",NA,NA,1.63949081768491e-05,3.89212646951889e-05
"k__Bacteria;p__Actinobacteria;c__Coriobacteriia;o__Coriobacteriales;f__Coriobacteriaceae;g__Collinsella;__",NA,NA,2.22325929221173e-05,3.02584792344164e-05
"k__Bacteria;p__Proteobacteria;c__Gammaproteobacteria;o__Pseudomonadales;f__Moraxellaceae;g__Psychrobacter;s__",NA,NA,2.34860316826567e-05,2.91912089052648e-05
"k__Bacteria;p__Firmicutes;c__Bacilli;o__Lactobacillales;f__Leuconostocaceae;g__Leuconostoc;s__",NA,NA,2.54432009895448e-05,0.000100756228434417
"k__Bacteria;p__Tenericutes;c__Mollicutes;o__RF39;f__;g__;s__",NA,NA,0.000274743872854594,0.000122019421424577
"k__Bacteria;p__Planctomycetes;c__Phycisphaerae;o__WD2101;f__;g__;s__",NA,NA,0,0
"k__Bacteria;p__Firmicutes;c__Bacilli;__;__;__;__",NA,NA,2.03649397197784e-06,6.55488404410126e-06
"k__Bacteria;p__Acidobacteria;c__[Chloracidobacteria];o__RB41;f__;g__;s__",NA,NA,0,0
"k__Bacteria;p__Chloroflexi;c__Anaerolineae;o__Caldilineales;f__Caldilineaceae;g__;s__",NA,NA,0,7.62621383903605e-06
"k__Bacteria;p__Proteobacteria;c__Gammaproteobacteria;o__Vibrionales;f__Vibrionaceae;g__Vibrio;s__metschnikovii",NA,NA,0,1.74641221440703e-05
"k__Bacteria;p__Actinobacteria;c__Actinobacteria;o__Bifidobacteriales;f__Bifidobacteriaceae;g__Bifidobacterium;s__animalis",NA,NA,9.03719267240754e-05,0
"k__Bacteria;p__Firmicutes;c__Clostridia;o__Clostridiales;f__Lachnospiraceae;g__Clostridium;s__aldenense",NA,NA,0.000534678523903464,0.000280920897901586
"k__Bacteria;p__Firmicutes;c__Clostridia;o__Clostridiales;f__Clostridiaceae;g__Clostridium;s__hiranonis",NA,NA,0,3.49282442881406e-05
"k__Bacteria;p__Firmicutes;c__Clostridia;o__Clostridiales;f__Lachnospiraceae;g__Dorea;__",NA,NA,2.72151054721413e-06,0
"k__Bacteria;p__Proteobacteria;c__Gammaproteobacteria;o__Vibrionales;f__Vibrionaceae;g__Salinivibrio;s__costicola",NA,NA,3.05213556617093e-05,8.71846347372566e-05
"k__Bacteria;p__Proteobacteria;c__Gammaproteobacteria;o__Pasteurellales;f__Pasteurellaceae;g__Aggregatibacter;s__",NA,NA,0,0.000142000086996921
"k__Bacteria;p__Proteobacteria;c__Gammaproteobacteria;o__Xanthomonadales;f__Xanthomonadaceae;g__Stenotrophomonas;__",NA,NA,7.82867722755225e-06,0
"k__Bacteria;p__Proteobacteria;c__Alphaproteobacteria;o__Rhizobiales;f__Methylobacteriaceae;g__Methylobacterium;s__",NA,NA,4.07298794395569e-06,0
"k__Bacteria;p__Firmicutes;c__Clostridia;o__Clostridiales;f__Christensenellaceae;g__Christensenella;s__",NA,NA,5.35670284226653e-06,0
"k__Bacteria;p__Actinobacteria;c__Actinobacteria;o__Bifidobacteriales;f__Bifidobacteriaceae;g__;s__",NA,NA,1.47448233013729e-05,2.05436523454748e-05
"k__Bacteria;p__Firmicutes;c__Clostridia;o__Clostridiales;f__Ruminococcaceae;g__Faecalibacterium;s__",NA,NA,0,9.7304029684216e-06
"k__Bacteria;p__Proteobacteria;c__Gammaproteobacteria;o__Enterobacteriales;f__Enterobacteriaceae;g__Citrobacter;s__",NA,NA,6.5316253133139e-05,0
"k__Bacteria;p__Firmicutes;c__Clostridia;o__Clostridiales;f__Veillonellaceae;g__Selenomonas;__",NA,NA,0,1.31097680882025e-05
"k__Bacteria;p__Firmicutes;c__Clostridia;o__Clostridiales;f__Ruminococcaceae;g__Ethanoligenens;s__",NA,NA,0,7.41410756387254e-06
"k__Bacteria;p__Firmicutes;c__Bacilli;o__Lactobacillales;f__Leuconostocaceae;__;__",NA,NA,2.30810421552154e-06,9.21282202153378e-05
"k__Bacteria;p__Firmicutes;c__Bacilli;o__Lactobacillales;f__Enterococcaceae;__;__",NA,NA,0,0
"k__Bacteria;p__Actinobacteria;c__Coriobacteriia;o__Coriobacteriales;f__Coriobacteriaceae;__;__",NA,NA,7.99084111231361e-05,0.000198484301696139
"k__Bacteria;p__Firmicutes;c__Clostridia;o__Clostridiales;f__Lachnospiraceae;g__Clostridium;__",NA,NA,0.000200172979669224,1.49952914784758e-05
"k__Bacteria;p__Proteobacteria;c__Alphaproteobacteria;o__Rhizobiales;f__Bradyrhizobiaceae;__;__",NA,NA,0,6.51856487275761e-06
"k__Bacteria;p__Proteobacteria;c__Gammaproteobacteria;o__Enterobacteriales;f__Enterobacteriaceae;g__Proteus;s__",NA,NA,0.000764509080269397,0.000118351393948491
"k__Bacteria;p__Actinobacteria;c__Actinobacteria;o__Actinomycetales;f__Williamsiaceae;g__Williamsia;s__",NA,NA,0,0
"k__Bacteria;p__Firmicutes;c__Clostridia;o__Clostridiales;f__Clostridiaceae;__;__",NA,NA,0.000161224558377779,1.10363094581172e-05
"k__Bacteria;p__Proteobacteria;c__Deltaproteobacteria;o__Desulfovibrionales;f__Desulfovibrionaceae;g__Desulfovibrio;__",NA,NA,5.68123714620096e-06,7.75497190548986e-05
"k__Bacteria;p__Fusobacteria;c__Fusobacteriia;o__Fusobacteriales;f__Fusobacteriaceae;g__;s__",NA,NA,0.0016099515076332,0.000402007334227373
"k__Bacteria;p__Proteobacteria;c__Gammaproteobacteria;o__Pseudomonadales;f__Moraxellaceae;g__Psychrobacter;s__pulmonis",NA,NA,6.69532264759839e-05,2.71189783541245e-05
"k__Bacteria;p__Proteobacteria;c__Betaproteobacteria;o__Burkholderiales;f__Alcaligenaceae;g__Achromobacter;s__",NA,NA,2.03649397197784e-05,0
"k__Bacteria;p__Proteobacteria;c__Alphaproteobacteria;o__Rhizobiales;f__Bradyrhizobiaceae;g__Balneimonas;s__",NA,NA,1.15405210776077e-05,1.23568459397876e-05
"k__Bacteria;p__Proteobacteria;__;__;__;__;__",NA,NA,2.30810421552154e-06,0
"k__Bacteria;p__Bacteroidetes;__;__;__;__;__",NA,NA,0,7.73315461153787e-06
"k__Bacteria;p__Actinobacteria;c__Actinobacteria;o__Bifidobacteriales;f__Bifidobacteriaceae;g__Bifidobacterium;s__pseudolongum",NA,NA,0,0
"k__Bacteria;p__Actinobacteria;c__Actinobacteria;o__Actinomycetales;f__Geodermatophilaceae;g__;s__",NA,NA,0,0
"k__Bacteria;p__Proteobacteria;c__Gammaproteobacteria;o__Pseudomonadales;f__Pseudomonadaceae;g__Pseudomonas;s__fragi",NA,NA,0,0
"k__Bacteria;p__Actinobacteria;c__Coriobacteriia;o__Coriobacteriales;f__Coriobacteriaceae;g__Atopobium;__",NA,NA,1.60200956079306e-05,3.69804250283517e-05
"k__Bacteria;p__Proteobacteria;c__Alphaproteobacteria;o__Caulobacterales;f__Caulobacteraceae;g__Nitrobacteria;s__hamadaniensis",NA,NA,0,7.73315461153787e-06
"k__Bacteria;p__Proteobacteria;c__Deltaproteobacteria;o__Syntrophobacterales;f__Syntrophobacteraceae;g__;s__",NA,NA,7.89188122718753e-06,0
"k__Bacteria;p__Spirochaetes;c__Spirochaetes;o__Spirochaetales;f__Spirochaetaceae;g__Treponema;s__",NA,NA,0,6.88640820535288e-05
"k__Bacteria;p__Proteobacteria;c__Epsilonproteobacteria;o__Campylobacterales;f__Helicobacteraceae;g__Flexispira;s__",NA,NA,2.67835142113326e-05,9.6503537124638e-05
"k__Bacteria;p__Firmicutes;c__Bacilli;o__Lactobacillales;f__Enterococcaceae;g__Enterococcus;__",NA,NA,0,6.81464994064583e-05
"k__Bacteria;p__Firmicutes;c__Bacilli;o__Bacillales;f__Planococcaceae;g__Lysinibacillus;__",NA,NA,0,0
"k__Bacteria;p__Firmicutes;c__Bacilli;o__Lactobacillales;f__Lactobacillaceae;g__Lactobacillus;s__paralimentarius",NA,NA,0,0
"k__Bacteria;p__Firmicutes;c__Erysipelotrichi;o__Erysipelotrichales;f__Erysipelotrichaceae;g__Coprobacillus;s__cateniformis",NA,NA,0,0.000119026798033386
"k__Bacteria;p__Firmicutes;c__Erysipelotrichi;o__Erysipelotrichales;f__Erysipelotrichaceae;g__Clostridium;__",NA,NA,4.13127866942422e-05,0
"k__Bacteria;p__Firmicutes;c__Erysipelotrichi;o__Erysipelotrichales;f__Erysipelotrichaceae;g__Allobaculum;s__",NA,NA,0,6.26181918370925e-05
"k__Bacteria;p__Firmicutes;c__Erysipelotrichi;o__Erysipelotrichales;f__Erysipelotrichaceae;g__[Eubacterium];s__",NA,NA,0,0
"k__Bacteria;p__FBP;c__;o__;f__;g__;s__",NA,NA,0,0
"k__Bacteria;p__Bacteroidetes;c__Bacteroidia;o__Bacteroidales;f__Bacteroidaceae;__;__",NA,NA,8.03505426339979e-06,0
"k__Bacteria;p__Bacteroidetes;c__Bacteroidia;o__Bacteroidales;f__[Paraprevotellaceae];g__[Prevotella];s__",NA,NA,8.63051051606107e-05,5.87591337066735e-05
"k__Bacteria;p__Bacteroidetes;c__Bacteroidia;o__Bacteroidales;f__Rikenellaceae;g__Alistipes;__",NA,NA,0.000104124275274858,0
"k__Bacteria;p__Bacteroidetes;c__Bacteroidia;o__Bacteroidales;f__Rikenellaceae;g__Alistipes;s__finegoldii",NA,NA,0.000523848910945685,0.000282807399064843
"k__Bacteria;p__Bacteroidetes;c__Bacteroidia;o__Bacteroidales;f__Bacteroidaceae;g__Bacteroides;s__coprophilus",NA,NA,0.00221337582857229,9.12183817366008e-05
"k__Bacteria;p__Bacteroidetes;c__Bacteroidia;o__Bacteroidales;f__[Barnesiellaceae];g__Barnesiella;s__intestinihominis",NA,NA,0.000217732114861994,0.000190751147084601
"k__Bacteria;p__Bacteroidetes;c__Bacteroidia;o__Bacteroidales;f__[Barnesiellaceae];__;__",NA,NA,0.00182168757097216,0.000111568791085207
"k__Bacteria;p__TM7;c__TM7-3;o__CW040;f__;g__;s__",NA,NA,3.9942167260173e-05,3.66463686502532e-05
"k__Bacteria;p__Firmicutes;c__Clostridia;o__Clostridiales;f__Clostridiaceae;g__SMB53;s__",NA,NA,4.80209371285881e-05,0.000337647447482462
"k__Bacteria;p__Proteobacteria;c__Alphaproteobacteria;o__Rhodobacterales;f__Rhodobacteraceae;g__Rubellimicrobium;s__",NA,NA,0,0
"k__Bacteria;p__Firmicutes;c__Clostridia;o__Clostridiales;f__Lachnospiraceae;g__Epulopiscium;s__",NA,NA,5.79746554131419e-05,0.000194974800426737
"k__Bacteria;p__Actinobacteria;c__Actinobacteria;o__Bifidobacteriales;f__Bifidobacteriaceae;g__Scardovia;s__",NA,NA,2.84061857310048e-05,9.17683766174176e-05
"k__Bacteria;p__Actinobacteria;c__Actinobacteria;o__Actinomycetales;f__Corynebacteriaceae;g__Corynebacterium;s__durum",NA,NA,1.39367772038923e-05,2.91494199265435e-05
"k__Bacteria;p__Actinobacteria;c__Actinobacteria;o__Actinomycetales;f__Corynebacteriaceae;g__Corynebacterium;s__",NA,NA,5.01893507323083e-05,0.0004535438873301
"k__Bacteria;p__Firmicutes;c__Clostridia;o__Clostridiales;f__Clostridiaceae;g__Clostridium;s__paraputrificum",NA,NA,0.000448815334449591,7.59713479487736e-05
"k__Bacteria;p__Firmicutes;c__Clostridia;o__Clostridiales;f__[Tissierellaceae];g__Parvimonas;s__",NA,NA,0.000141500040295483,1.96471374120791e-05
"k__Bacteria;p__Proteobacteria;c__Gammaproteobacteria;__;__;__;__",NA,NA,0,3.24346765614053e-06
"k__Bacteria;p__Fusobacteria;c__Fusobacteriia;o__Fusobacteriales;f__Fusobacteriaceae;__;__",NA,NA,0,2.13107348840983e-05
"k__Bacteria;p__Fusobacteria;c__Fusobacteriia;o__Fusobacteriales;f__Leptotrichiaceae;g__Leptotrichia;s__",NA,NA,0.000108614080454328,0.000111049289976606
"k__Bacteria;p__Fusobacteria;c__Fusobacteriia;o__Fusobacteriales;f__Fusobacteriaceae;g__Cetobacterium;s__somerae",NA,NA,0.000512223329371606,0
"k__Bacteria;p__Proteobacteria;c__Alphaproteobacteria;o__Rhizobiales;f__Phyllobacteriaceae;g__Mesorhizobium;s__",NA,NA,0,0
"k__Bacteria;p__Proteobacteria;c__Alphaproteobacteria;o__Rhizobiales;f__Beijerinckiaceae;g__;s__",NA,NA,0,0
"k__Bacteria;p__Acidobacteria;c__Sva0725;o__Sva0725;f__;g__;s__",NA,NA,0,6.51856487275761e-06
"k__Bacteria;p__Firmicutes;c__Clostridia;o__Clostridiales;f__Veillonellaceae;g__;s__",NA,NA,0.000186869274342505,2.26020806829703e-05
"k__Bacteria;p__Firmicutes;__;__;__;__;__",NA,NA,1.18378218407813e-05,8.13041180535794e-06
"k__Bacteria;p__Actinobacteria;c__Coriobacteriia;o__Coriobacteriales;f__Coriobacteriaceae;g__Olsenella;s__profusa",NA,NA,0,0
"k__Bacteria;p__Proteobacteria;c__Betaproteobacteria;o__Burkholderiales;f__Comamonadaceae;g__Hydrogenophaga;__",NA,NA,7.56167206798497e-05,0.000253369818423607
"k__Bacteria;p__Proteobacteria;c__Betaproteobacteria;o__Burkholderiales;f__Oxalobacteraceae;__;__",NA,NA,0,0
"k__Bacteria;p__Firmicutes;c__Clostridia;o__Clostridiales;f__Ruminococcaceae;g__Anaerofilum;s__",NA,NA,0,1.78510065736332e-05
"k__Bacteria;p__Chloroflexi;c__Thermomicrobia;o__JG30-KF-CM45;f__;g__;s__",NA,NA,0,0
"k__Bacteria;p__TM7;c__TM7-1;o__;f__;g__;s__",NA,NA,0,4.53046283208293e-06
"k__Bacteria;p__Firmicutes;c__Clostridia;o__Clostridiales;f__Peptostreptococcaceae;g__Peptostreptococcus;s__",NA,NA,0.000258319462421528,5.44082495265783e-05
"k__Bacteria;p__Firmicutes;c__Clostridia;o__Clostridiales;f__Lachnospiraceae;g__Coprococcus;__",NA,NA,8.16453164164238e-06,0
"k__Bacteria;p__Chloroflexi;__;__;__;__;__",NA,NA,0,4.46275164340829e-06
"k__Bacteria;p__Actinobacteria;c__Acidimicrobiia;o__Acidimicrobiales;f__;g__;s__",NA,NA,0,1.52524276780721e-05
"k__Bacteria;p__Firmicutes;c__Bacilli;o__Lactobacillales;f__Lactobacillaceae;g__Lactobacillus;s__ruminis",NA,NA,0.00138512685145102,0.000696331057873021
"k__Bacteria;p__Firmicutes;c__Bacilli;o__Lactobacillales;f__Lactobacillaceae;g__Lactobacillus;s__plantarum",NA,NA,4.40323020968182e-05,0
"k__Bacteria;p__Firmicutes;c__Bacilli;o__Lactobacillales;f__Lactobacillaceae;g__Lactobacillus;s__brevis",NA,NA,7.92581437742728e-05,0
"k__Bacteria;p__Firmicutes;c__Bacilli;o__Lactobacillales;f__Lactobacillaceae;g__Pediococcus;s__acidilactici",NA,NA,0.000140903366709818,0.000353405793877924
"k__Bacteria;p__Firmicutes;c__Bacilli;o__Bacillales;f__Bacillaceae;g__Bacillus;__",NA,NA,0,0
"k__Bacteria;p__Firmicutes;c__Bacilli;o__Lactobacillales;f__Streptococcaceae;g__Streptococcus;s__sobrinus",NA,NA,0.000374296094479057,0
"k__Bacteria;p__Firmicutes;c__Bacilli;o__Lactobacillales;f__Streptococcaceae;g__;s__",NA,NA,2.59289677063899e-05,0
"k__Bacteria;p__Firmicutes;c__Bacilli;o__Bacillales;f__;g__;s__",NA,NA,0,4.46275164340829e-06
"k__Bacteria;p__Firmicutes;c__Bacilli;o__Lactobacillales;f__Streptococcaceae;g__Streptococcus;s__alactolyticus",NA,NA,0.000755852975638132,0
"k__Bacteria;p__Firmicutes;c__Bacilli;o__Lactobacillales;f__Streptococcaceae;g__Lactococcus;s__",NA,NA,8.03505426339979e-06,6.45773733799151e-06
"k__Bacteria;p__Firmicutes;c__Erysipelotrichi;o__Erysipelotrichales;f__Erysipelotrichaceae;g__Coprobacillus;s__",NA,NA,0.000275540001590746,0
"k__Bacteria;p__Firmicutes;c__Erysipelotrichi;o__Erysipelotrichales;f__Erysipelotrichaceae;g__Clostridium;s__cocleatum",NA,NA,1.57837624543751e-05,0
"k__Bacteria;p__OD1;c__ZB2;o__;f__;g__;s__",NA,NA,0,0
"k__Bacteria;p__Acidobacteria;c__[Chloracidobacteria];o__RB41;f__Ellin6075;g__;s__",NA,NA,0,4.94273837591502e-06
"k__Bacteria;p__Firmicutes;c__Clostridia;o__Clostridiales;f__Peptostreptococcaceae;g__[Clostridium];__",NA,NA,0,0.00030755733309807
"k__Bacteria;p__Firmicutes;c__Clostridia;o__Clostridiales;f__Peptostreptococcaceae;g__[Clostridium];s__bifermentans",NA,NA,0.000196085493275068,0
"k__Bacteria;p__Firmicutes;c__Clostridia;o__Clostridiales;f__Lachnospiraceae;g__Clostridium;s__symbiosum",NA,NA,0.000308450072547219,0.000855690455504356
"k__Bacteria;p__Firmicutes;c__Clostridia;o__Clostridiales;f__Lachnospiraceae;g__Clostridium;s__lavalense",NA,NA,0,0
"k__Bacteria;p__Proteobacteria;c__Gammaproteobacteria;o__Enterobacteriales;f__Enterobacteriaceae;g__Morganella;s__morganii",NA,NA,0,0.000291758746554764
"k__Bacteria;p__Proteobacteria;c__Gammaproteobacteria;o__Enterobacteriales;f__Enterobacteriaceae;g__Proteus;__",NA,NA,1.1591111935368e-05,0
"k__Bacteria;p__Firmicutes;c__Clostridia;o__Clostridiales;f__Lachnospiraceae;g__Blautia;__",NA,NA,0,6.79569424812439e-06
"k__Bacteria;p__Firmicutes;c__Clostridia;o__Clostridiales;f__Lachnospiraceae;g__[Ruminococcus];__",NA,NA,0,0
"k__Bacteria;p__Actinobacteria;c__Actinobacteria;o__Actinomycetales;f__Streptosporangiaceae;__;__",NA,NA,0,0
"k__Bacteria;p__Actinobacteria;c__Actinobacteria;o__Actinomycetales;f__Geodermatophilaceae;__;__",NA,NA,4.07298794395569e-06,0
"k__Bacteria;p__Proteobacteria;c__Gammaproteobacteria;o__Pasteurellales;f__Pasteurellaceae;g__Aggregatibacter;s__segnis",NA,NA,0,0.000557384887021947
"k__Bacteria;p__Proteobacteria;c__Alphaproteobacteria;o__Sphingomonadales;f__Sphingomonadaceae;g__Sphingomonas;__",NA,NA,0,0
"k__Bacteria;p__Proteobacteria;c__Alphaproteobacteria;o__Rhizobiales;f__Phyllobacteriaceae;__;__",NA,NA,1.06444693998116e-05,0
"k__Bacteria;p__Proteobacteria;c__Gammaproteobacteria;o__Pseudomonadales;f__Moraxellaceae;g__;s__",NA,NA,0,2.18301526800878e-06
"k__Bacteria;p__Proteobacteria;c__Alphaproteobacteria;__;__;__;__",NA,NA,7.57801287749314e-05,6.93858726964239e-05
"k__Bacteria;p__Proteobacteria;c__Deltaproteobacteria;o__Myxococcales;f__;g__;s__",NA,NA,1.06444693998116e-05,0
"k__Bacteria;p__Synergistetes;c__Synergistia;o__Synergistales;f__Dethiosulfovibrionaceae;g__Pyramidobacter;s__piscolens",NA,NA,0.00097039903444868,0.000111929081733813
"k__Bacteria;p__Firmicutes;c__Clostridia;o__Clostridiales;f__Veillonellaceae;g__Acidaminococcus;s__",NA,NA,0.000149121449573034,0.00026762029679385
"k__Bacteria;p__Actinobacteria;c__Thermoleophilia;o__Solirubrobacterales;f__Solirubrobacteraceae;g__Solirubrobacter;s__",NA,NA,0,0
"k__Bacteria;p__Actinobacteria;c__Coriobacteriia;o__Coriobacteriales;f__Coriobacteriaceae;g__Olsenella;s__uli",NA,NA,0,4.15142656126413e-05
"k__Bacteria;p__Proteobacteria;c__Alphaproteobacteria;o__Rickettsiales;f__mitochondria;g__Raphanus;s__sativus",NA,NA,0,0
"k__Bacteria;p__Actinobacteria;c__Coriobacteriia;o__Coriobacteriales;f__Coriobacteriaceae;g__Eggerthella;s__",NA,NA,7.82867722755225e-06,5.9981165913903e-06
"k__Bacteria;p__Proteobacteria;c__Betaproteobacteria;o__Burkholderiales;f__Comamonadaceae;g__;s__",NA,NA,4.34053467495314e-05,4.07741654887463e-05
"k__Bacteria;p__Proteobacteria;c__Betaproteobacteria;o__Burkholderiales;f__Oxalobacteraceae;g__Massilia;__",NA,NA,0,5.20570184646628e-05
"k__Bacteria;p__Proteobacteria;c__Betaproteobacteria;o__Burkholderiales;f__Comamonadaceae;g__Comamonas;s__",NA,NA,0.000166057788110262,0.000118575037376914
"k__Bacteria;p__Proteobacteria;c__Betaproteobacteria;o__Burkholderiales;f__Oxalobacteraceae;g__Oxalobacter;s__formigenes",NA,NA,2.94618656324659e-05,2.83549002423055e-05
"k__Bacteria;p__Actinobacteria;c__Actinobacteria;o__Actinomycetales;f__Actinomycetaceae;g__;s__",NA,NA,0,0
"k__Bacteria;p__Actinobacteria;c__Actinobacteria;o__Actinomycetales;f__Micrococcaceae;g__Rothia;s__",NA,NA,0,0
"k__Bacteria;p__WS3;c__PRR-12;o__Sediment-1;f__;g__;s__",NA,NA,0,1.23568459397876e-05
"k__Bacteria;p__Actinobacteria;c__Coriobacteriia;o__Coriobacteriales;f__Coriobacteriaceae;g__Atopobium;s__rimae",NA,NA,0,3.49282442881406e-05
"k__Bacteria;p__Proteobacteria;c__Gammaproteobacteria;o__Enterobacteriales;f__Enterobacteriaceae;g__Trabulsiella;__",NA,NA,0.000385993934381031,0
"k__Bacteria;p__Deferribacteres;c__Deferribacteres;o__Deferribacterales;f__Deferribacteraceae;g__Mucispirillum;s__schaedleri",NA,NA,0,0
"k__Bacteria;p__Proteobacteria;c__Gammaproteobacteria;o__Enterobacteriales;f__Enterobacteriaceae;g__Trabulsiella;s__farmeri",NA,NA,0,0
"k__Bacteria;p__Proteobacteria;c__Gammaproteobacteria;o__Vibrionales;f__Vibrionaceae;__;__",NA,NA,5.51419906258616e-06,0
"k__Bacteria;p__Firmicutes;c__Bacilli;o__Lactobacillales;f__Lactobacillaceae;__;__",NA,NA,0,4.85863792944286e-06
"k__Bacteria;p__Proteobacteria;c__Alphaproteobacteria;o__Rhizobiales;f__Methylobacteriaceae;g__Methylobacterium;__",NA,NA,0,2.94301585549792e-05
"k__Bacteria;p__Proteobacteria;c__Alphaproteobacteria;o__Rickettsiales;f__mitochondria;__;__",NA,NA,7.89188122718753e-05,5.58193127499478e-05
"k__Archaea;p__Euryarchaeota;c__Methanobacteria;o__Methanobacteriales;f__Methanobacteriaceae;g__Methanobrevibacter;s__",NA,NA,3.07463680852699e-05,0
"k__Bacteria;p__Planctomycetes;c__Planctomycetia;o__Gemmatales;f__Gemmataceae;g__Gemmata;s__",NA,NA,0,0
"k__Bacteria;p__Proteobacteria;c__Deltaproteobacteria;__;__;__;__",NA,NA,0,6.10772810837553e-06
"k__Bacteria;p__TM7;c__TM7-3;o__I025;f__Rs-045;g__;s__",NA,NA,0,9.55030783825599e-06
"k__Bacteria;p__Chloroflexi;c__Ktedonobacteria;o__JG30-KF-AS9;f__;g__;s__",NA,NA,0,0
"k__Bacteria;p__Firmicutes;c__Clostridia;o__SHA-98;f__;g__;s__",NA,NA,0,0
"k__Bacteria;p__Proteobacteria;c__Betaproteobacteria;__;__;__;__",NA,NA,0,0
"k__Bacteria;p__Actinobacteria;c__Actinobacteria;o__Actinomycetales;f__Pseudonocardiaceae;g__Pseudonocardia;s__",NA,NA,0,2.8650923514768e-05
"k__Bacteria;p__Proteobacteria;c__Gammaproteobacteria;o__Xanthomonadales;f__Sinobacteraceae;g__;s__",NA,NA,0,6.45773733799151e-06
"k__Bacteria;p__Proteobacteria;c__Alphaproteobacteria;o__Rhodospirillales;f__Rhodospirillaceae;g__;s__",NA,NA,2.41785507787464e-05,0
"k__Bacteria;p__Proteobacteria;c__Gammaproteobacteria;o__HTCC2188;f__HTCC2089;g__;s__",NA,NA,0,0
"k__Bacteria;p__Proteobacteria;c__Betaproteobacteria;o__Neisseriales;f__Neisseriaceae;g__Neisseria;s__oralis",NA,NA,5.24774578497406e-05,3.62437026566634e-05
"k__Bacteria;p__Bacteroidetes;c__[Saprospirae];o__[Saprospirales];f__Chitinophagaceae;__;__",NA,NA,3.40874228772057e-05,1.91878425829394e-05
"k__Bacteria;p__Proteobacteria;c__Alphaproteobacteria;o__Sphingomonadales;f__Sphingomonadaceae;g__Sphingobium;s__",NA,NA,2.48138957816377e-05,0
"k__Bacteria;p__Bacteroidetes;c__Cytophagia;o__Cytophagales;__;__;__",NA,NA,0,0
"k__Bacteria;p__Firmicutes;c__Bacilli;o__Bacillales;f__Bacillaceae;g__Bacillus;s__thermoamylovorans",NA,NA,0,0
"k__Bacteria;p__Actinobacteria;c__MB-A2-108;o__0319-7L14;f__;g__;s__",NA,NA,0,4.93072333711356e-06
"k__Bacteria;p__TM6;c__SJA-4;o__;f__;g__;s__",NA,NA,0,4.52430524536276e-05
"k__Bacteria;p__Bacteroidetes;c__Bacteroidia;o__Bacteroidales;f__Porphyromonadaceae;g__Parabacteroides;s__gordonii",NA,NA,0,5.94872822452379e-05
"k__Bacteria;p__AD3;c__ABS-6;o__;f__;g__;s__",NA,NA,0,0
"k__Bacteria;p__Chloroflexi;c__Ktedonobacteria;o__Thermogemmatisporales;f__Thermogemmatisporaceae;g__;s__",NA,NA,0,0
"k__Bacteria;p__Proteobacteria;c__Alphaproteobacteria;o__Rhizobiales;f__Hyphomicrobiaceae;g__Devosia;s__",NA,NA,0,9.71647330884782e-06
"k__Bacteria;p__Proteobacteria;c__Alphaproteobacteria;o__Rhizobiales;f__Hyphomicrobiaceae;g__Rhodoplanes;s__",NA,NA,0,0
"k__Bacteria;p__Proteobacteria;c__Gammaproteobacteria;o__Legionellales;f__Coxiellaceae;g__Coxiella;s__",NA,NA,3.66568914956012e-05,0
"k__Bacteria;p__Proteobacteria;c__Alphaproteobacteria;o__Rhizobiales;f__Methylobacteriaceae;g__Methylobacterium;s__komagatae",NA,NA,0,0
"k__Bacteria;p__Proteobacteria;c__Alphaproteobacteria;o__Rhizobiales;f__Methylobacteriaceae;g__;s__",NA,NA,0,0.000153043656862638
"k__Bacteria;p__Proteobacteria;c__Gammaproteobacteria;o__Alteromonadales;f__Alteromonadaceae;g__Microbulbifer;s__chitinilyticus",NA,NA,0,0
"k__Bacteria;p__Firmicutes;c__Bacilli;o__Bacillales;f__Bacillaceae;__;__",NA,NA,0,0
"k__Bacteria;p__Actinobacteria;c__Actinobacteria;o__Actinomycetales;f__Micrococcaceae;__;__",NA,NA,0,3.91157238690666e-05
"k__Bacteria;p__Firmicutes;c__Clostridia;o__Clostridiales;f__Veillonellaceae;g__Mitsuokella;__",NA,NA,0.00060980296702452,0.000177325637886473
"k__Bacteria;p__Cyanobacteria;c__Oscillatoriophycideae;o__Chroococcales;f__Xenococcaceae;g__;s__",NA,NA,0,0
"k__Bacteria;p__Proteobacteria;c__Betaproteobacteria;o__Burkholderiales;f__Oxalobacteraceae;g__Ralstonia;s__",NA,NA,1.42030928655024e-05,0
"k__Bacteria;p__Proteobacteria;c__Betaproteobacteria;o__Ellin6067;f__;g__;s__",NA,NA,0,1.30385746230222e-05
"k__Bacteria;p__Gemmatimonadetes;c__Gemm-5;o__;f__;g__;s__",NA,NA,7.82867722755225e-06,0
"k__Bacteria;p__Verrucomicrobia;c__Opitutae;o__[Pelagicoccales];f__[Pelagicoccaceae];g__Pelagicoccus;s__",NA,NA,0,0
"k__Bacteria;p__Firmicutes;c__Bacilli;o__Lactobacillales;f__Leuconostocaceae;g__Leuconostoc;__",NA,NA,0,0
"k__Bacteria;p__Proteobacteria;c__Gammaproteobacteria;o__Pasteurellales;f__Pasteurellaceae;g__Haemophilus;__",NA,NA,0.000138662223749945,0
"k__Bacteria;p__Bacteroidetes;c__Flavobacteriia;o__Flavobacteriales;f__[Weeksellaceae];g__Cloacibacterium;s__",NA,NA,1.40496796673036e-05,0
"k__Bacteria;p__Firmicutes;c__Clostridia;o__Clostridiales;f__Ruminococcaceae;g__Ruminococcus;s__flavefaciens",NA,NA,0,3.83658356008782e-05
"k__Bacteria;p__Actinobacteria;c__Coriobacteriia;o__Coriobacteriales;f__Coriobacteriaceae;g__Atopobium;s__vaginae",NA,NA,0,0
"k__Bacteria;p__Gemmatimonadetes;c__Gemmatimonadetes;o__;f__;g__;s__",NA,NA,0,0
"k__Bacteria;p__Acidobacteria;c__[Chloracidobacteria];o__PK29;f__;g__;s__",NA,NA,0,0
"k__Bacteria;p__Chloroflexi;c__Anaerolineae;o__GCA004;f__;g__;s__",NA,NA,0,0
"k__Bacteria;p__Bacteroidetes;c__Bacteroidia;o__Bacteroidales;f__[Paraprevotellaceae];g__;s__",NA,NA,0.00110696904690431,0
"k__Bacteria;p__Bacteroidetes;c__Bacteroidia;o__Bacteroidales;f__[Paraprevotellaceae];__;__",NA,NA,0,7.62621383903605e-06
"k__Bacteria;p__Proteobacteria;c__Betaproteobacteria;o__Burkholderiales;__;__;__",NA,NA,3.76015857293053e-05,2.84564413187528e-05
"k__Bacteria;p__Firmicutes;c__Clostridia;o__Clostridiales;f__Peptostreptococcaceae;g__Peptostreptococcus;s__anaerobius",NA,NA,0.000196028373967432,4.76442763977878e-05
"k__Bacteria;p__Bacteroidetes;c__Bacteroidia;o__Bacteroidales;f__;g__;s__",NA,NA,9.66244256885698e-06,0
"k__Bacteria;p__Proteobacteria;c__Gammaproteobacteria;o__Enterobacteriales;f__Enterobacteriaceae;g__Morganella;__",NA,NA,0,2.85865658386727e-05
"k__Bacteria;p__Actinobacteria;c__Actinobacteria;o__Actinomycetales;f__Micromonosporaceae;__;__",NA,NA,0,3.17528130105708e-05
"k__Bacteria;p__Proteobacteria;c__Deltaproteobacteria;o__Desulfovibrionales;f__Desulfovibrionaceae;__;__",NA,NA,0,0
"k__Bacteria;p__Proteobacteria;c__Gammaproteobacteria;o__Pseudomonadales;f__Moraxellaceae;g__Acinetobacter;s__",NA,NA,0,0
"k__Bacteria;p__Actinobacteria;c__Thermoleophilia;o__Solirubrobacterales;f__;g__;s__",NA,NA,7.24683192664274e-06,0
"k__Bacteria;p__Actinobacteria;c__Thermoleophilia;o__Solirubrobacterales;__;__;__",NA,NA,0,0
"k__Bacteria;p__Acidobacteria;c__Acidobacteriia;o__Acidobacteriales;f__Koribacteraceae;g__;s__",NA,NA,0,0
"k__Bacteria;p__Proteobacteria;c__Betaproteobacteria;o__Burkholderiales;f__Comamonadaceae;g__Delftia;s__",NA,NA,0,0
"k__Bacteria;p__[Thermi];c__Deinococci;o__Deinococcales;f__Deinococcaceae;g__Deinococcus;s__",NA,NA,0,0
"k__Bacteria;p__Cyanobacteria;c__4C0d-2;o__YS2;f__;g__;s__",NA,NA,0.000676420097875938,0.000945200832481866
"k__Bacteria;p__Proteobacteria;c__Alphaproteobacteria;o__Sphingomonadales;f__Sphingomonadaceae;__;__",NA,NA,0,1.2915474675983e-05
"k__Bacteria;p__Actinobacteria;c__Actinobacteria;o__Actinomycetales;f__Micrococcaceae;g__Rothia;__",NA,NA,1.44888899192099e-05,1.49952914784758e-05
"k__Bacteria;p__Acidobacteria;c__iii1-8;o__DS-18;f__;g__;s__",NA,NA,0,6.10772810837553e-06
"k__Bacteria;p__Chloroflexi;c__Gitt-GS-136;o__;f__;g__;s__",NA,NA,0,2.50620694995902e-05
"k__Bacteria;p__Actinobacteria;c__Actinobacteria;o__Actinomycetales;f__Microbacteriaceae;__;__",NA,NA,0,0
"k__Bacteria;p__Firmicutes;c__Clostridia;o__Clostridiales;f__Lachnospiraceae;g__Shuttleworthia;s__satelles",NA,NA,6.2874150157137e-05,1.21455916360598e-05
"k__Bacteria;p__Actinobacteria;c__Actinobacteria;o__Actinomycetales;f__Kineosporiaceae;__;__",NA,NA,0,6.39674721683031e-05
"k__Bacteria;p__Proteobacteria;c__Gammaproteobacteria;o__Alteromonadales;f__Alteromonadaceae;g__Microbulbifer;__",NA,NA,0,6.79569424812439e-06
"k__Bacteria;p__Proteobacteria;c__Alphaproteobacteria;o__Rhizobiales;f__;g__;s__",NA,NA,1.42030928655024e-05,0
"k__Bacteria;p__Proteobacteria;c__Alphaproteobacteria;o__Rickettsiales;f__;g__;s__",NA,NA,0,4.20053481732283e-05
"k__Bacteria;p__Proteobacteria;c__Betaproteobacteria;o__;f__;g__;s__",NA,NA,0,0
"k__Bacteria;p__Chloroflexi;c__Chloroflexi;o__AKIW781;f__;g__;s__",NA,NA,0,0
"k__Bacteria;p__Bacteroidetes;c__Cytophagia;o__Cytophagales;f__Cytophagaceae;__;__",NA,NA,8.52185571930143e-06,0
"k__Bacteria;p__Firmicutes;c__Bacilli;o__Lactobacillales;f__Lactobacillaceae;g__Lactobacillus;s__delbrueckii",NA,NA,0,0.000102451072690421
"k__Bacteria;p__Firmicutes;c__Bacilli;o__Lactobacillales;f__Enterococcaceae;g__Enterococcus;s__cecorum",NA,NA,0,0
"k__Bacteria;p__Firmicutes;c__Bacilli;o__Lactobacillales;f__Enterococcaceae;g__Vagococcus;s__",NA,NA,0.000105897686542848,0
"k__Bacteria;p__Actinobacteria;c__MB-A2-108;o__;f__;g__;s__",NA,NA,0,1.56545479592731e-05
"k__Bacteria;p__Firmicutes;c__Erysipelotrichi;o__Erysipelotrichales;f__Erysipelotrichaceae;g__Bulleidia;s__",NA,NA,8.36206632233536e-06,0
"k__Bacteria;p__Planctomycetes;c__OM190;o__CL500-15;f__;g__;s__",NA,NA,0,6.45773733799151e-06
"k__Bacteria;p__Proteobacteria;c__Alphaproteobacteria;o__RF32;f__;g__;s__",NA,NA,0,0
"k__Bacteria;p__Bacteroidetes;c__Bacteroidia;o__Bacteroidales;f__Prevotellaceae;g__Prevotella;s__melaninogenica",NA,NA,0,6.79569424812439e-06
"k__Bacteria;p__Bacteroidetes;c__Bacteroidia;o__Bacteroidales;f__SB-1;g__;s__",NA,NA,0,0
"k__Bacteria;p__Proteobacteria;c__Gammaproteobacteria;o__Enterobacteriales;f__Enterobacteriaceae;g__Klebsiella;s__",NA,NA,0.000423643047782229,9.59392129146972e-06
"k__Bacteria;p__Actinobacteria;c__Actinobacteria;o__Actinomycetales;f__Micrococcaceae;g__Rothia;s__aeria",NA,NA,0,0
"k__Bacteria;p__Actinobacteria;c__Actinobacteria;o__Actinomycetales;f__Mycobacteriaceae;g__Mycobacterium;s__",NA,NA,0,0
"k__Bacteria;p__Actinobacteria;c__Actinobacteria;o__Actinomycetales;f__Mycobacteriaceae;g__Mycobacterium;s__vaccae",NA,NA,0,0
"k__Bacteria;p__Firmicutes;c__Clostridia;o__Clostridiales;f__Lachnospiraceae;g__Oribacterium;s__",NA,NA,0,0
"k__Bacteria;p__Proteobacteria;c__Gammaproteobacteria;o__Pasteurellales;f__Pasteurellaceae;g__Haemophilus;s__",NA,NA,0,3.94457866969084e-05
"k__Bacteria;p__Proteobacteria;c__Alphaproteobacteria;o__Rickettsiales;f__Rickettsiaceae;g__Rickettsia;s__",NA,NA,0.000142554578038449,0.000184955418037777
"k__Bacteria;p__Proteobacteria;c__Alphaproteobacteria;o__Sphingomonadales;f__Sphingomonadaceae;g__Sphingomonas;s__azotifigens",NA,NA,0,0
"k__Bacteria;p__Proteobacteria;c__Gammaproteobacteria;o__Pseudomonadales;f__Pseudomonadaceae;g__Pseudomonas;s__",NA,NA,0,0
"k__Bacteria;p__Proteobacteria;c__Gammaproteobacteria;o__Xanthomonadales;f__Xanthomonadaceae;g__Stenotrophomonas;s__geniculata",NA,NA,0,0
"k__Bacteria;p__Proteobacteria;c__Alphaproteobacteria;o__Rhizobiales;f__Methylobacteriaceae;g__Methylobacterium;s__organophilum",NA,NA,0,0
"k__Bacteria;p__Actinobacteria;c__Actinobacteria;o__Actinomycetales;f__Nocardioidaceae;g__Nocardioides;__",NA,NA,2.44379276637341e-05,0
"k__Bacteria;p__Proteobacteria;c__Gammaproteobacteria;o__Pseudomonadales;f__Moraxellaceae;g__Acinetobacter;s__johnsonii",NA,NA,0,0.000175040678467531
"k__Bacteria;p__Proteobacteria;c__Alphaproteobacteria;o__Rhodospirillales;f__Rhodospirillaceae;g__Phaeospirillum;s__fulvum",NA,NA,0,1.59171797304266e-05
"k__Bacteria;p__Proteobacteria;c__Gammaproteobacteria;o__Legionellales;f__Legionellaceae;g__Legionella;__",NA,NA,0,6.26181918370925e-06
"k__Bacteria;p__Proteobacteria;c__Gammaproteobacteria;o__Alteromonadales;f__HTCC2188;g__HTCC;s__",NA,NA,0,0
"k__Bacteria;p__Proteobacteria;c__Gammaproteobacteria;o__Alteromonadales;f__Alteromonadaceae;g__Marinimicrobium;s__",NA,NA,0,1.35913884962488e-05
"k__Bacteria;p__Firmicutes;c__Clostridia;o__Clostridiales;f__Veillonellaceae;g__Selenomonas;s__",NA,NA,2.34860316826567e-05,3.61768323565589e-05
"k__Bacteria;p__Firmicutes;c__Clostridia;o__Clostridiales;f__Peptococcaceae;g__;s__",NA,NA,0,0
"k__Bacteria;p__Firmicutes;c__Clostridia;o__Clostridiales;f__Veillonellaceae;g__Selenomonas;s__noxia",NA,NA,0.000137001851482164,0
"k__Bacteria;p__Actinobacteria;c__Actinobacteria;o__Actinomycetales;f__Pseudonocardiaceae;g__Actinomycetospora;__",NA,NA,0,0
"k__Bacteria;p__Acidobacteria;c__Acidobacteria-6;o__iii1-15;f__;g__;s__",NA,NA,9.78584653444031e-06,9.16159216256329e-06
"k__Bacteria;p__Acidobacteria;c__Acidobacteriia;o__Acidobacteriales;f__Acidobacteriaceae;g__;s__",NA,NA,0,0
"k__Bacteria;p__Proteobacteria;c__Betaproteobacteria;o__Neisseriales;f__Neisseriaceae;g__Neisseria;__",NA,NA,9.98156346512911e-05,0
"k__Bacteria;p__Proteobacteria;c__Betaproteobacteria;o__MND1;f__;g__;s__",NA,NA,0,6.45773733799151e-06
"k__Bacteria;p__Proteobacteria;c__Epsilonproteobacteria;o__Campylobacterales;f__Helicobacteraceae;g__Helicobacter;__",NA,NA,0,2.39161236248188e-05
"k__Bacteria;p__Firmicutes;c__Bacilli;o__Lactobacillales;f__Lactobacillaceae;g__Lactobacillus;s__manihotivorans",NA,NA,0,0.000196290116792619
"k__Bacteria;p__Verrucomicrobia;c__Opitutae;o__Opitutales;f__Opitutaceae;g__Opitutus;s__",NA,NA,5.87150792066418e-06,0
"k__Bacteria;p__Verrucomicrobia;c__[Methylacidiphilae];o__Methylacidiphilales;f__;g__;s__",NA,NA,0,9.59392129146972e-06
"k__Bacteria;p__Bacteroidetes;c__Bacteroidia;o__Bacteroidales;f__[Paraprevotellaceae];g__[Prevotella];s__tannerae",NA,NA,9.78584653444031e-06,0
"k__Bacteria;p__Actinobacteria;c__Actinobacteria;o__Bifidobacteriales;f__Bifidobacteriaceae;g__Alloscardovia;s__",NA,NA,6.68965305786829e-05,0
"k__Bacteria;p__Proteobacteria;c__Alphaproteobacteria;o__Rhizobiales;f__Rhizobiaceae;g__Rhizobium;__",NA,NA,1.41214349260743e-05,0
"k__Bacteria;p__Proteobacteria;c__Gammaproteobacteria;o__Xanthomonadales;f__Xanthomonadaceae;g__Lysobacter;s__",NA,NA,0,0
"k__Bacteria;p__Actinobacteria;c__Actinobacteria;o__Actinomycetales;f__Nocardioidaceae;__;__",NA,NA,0,0
"k__Bacteria;p__Proteobacteria;c__Gammaproteobacteria;o__Pseudomonadales;f__Moraxellaceae;g__Acinetobacter;__",NA,NA,5.91891092039065e-05,0.000143003175542407
"k__Bacteria;p__Firmicutes;c__Clostridia;o__Clostridiales;f__Veillonellaceae;g__Schwartzia;s__",NA,NA,1.95716930688806e-05,0
"k__Bacteria;p__Proteobacteria;c__Alphaproteobacteria;o__Caulobacterales;f__Caulobacteraceae;g__Caulobacter;__",NA,NA,0,0.000162764370636336
"k__Bacteria;p__Proteobacteria;c__Betaproteobacteria;o__Burkholderiales;f__Comamonadaceae;g__Pelomonas;__",NA,NA,0,0
"k__Bacteria;p__Proteobacteria;c__Betaproteobacteria;o__Neisseriales;f__Neisseriaceae;g__Neisseria;s__",NA,NA,0,1.72575316798974e-05
"k__Bacteria;p__Firmicutes;c__Bacilli;o__Lactobacillales;f__Leuconostocaceae;g__Weissella;s__viridescens",NA,NA,8.22011108892986e-05,0
"k__Bacteria;p__Firmicutes;c__Bacilli;o__Lactobacillales;f__Lactobacillaceae;g__Lactobacillus;s__iners",NA,NA,1.17430158413284e-05,0
"k__Bacteria;p__Firmicutes;c__Bacilli;o__Bacillales;f__Planococcaceae;__;__",NA,NA,0,0
"k__Bacteria;p__Firmicutes;c__Bacilli;o__Lactobacillales;f__Aerococcaceae;g__Abiotrophia;s__defectiva",NA,NA,3.91433861377612e-06,0
"k__Bacteria;p__Planctomycetes;c__Planctomycetia;o__Pirellulales;f__Pirellulaceae;g__Pirellula;s__",NA,NA,0,0
"k__Bacteria;p__Verrucomicrobia;c__[Pedosphaerae];o__[Pedosphaerales];f__Ellin515;g__;s__",NA,NA,1.1591111935368e-05,0
"k__Bacteria;p__Bacteroidetes;c__Flavobacteriia;o__Flavobacteriales;f__Flavobacteriaceae;g__Flavobacterium;s__",NA,NA,0,0
"k__Bacteria;p__Bacteroidetes;c__Bacteroidia;o__Bacteroidales;f__Bacteroidaceae;g__Bacteroides;s__eggerthii",NA,NA,0,0
"k__Bacteria;p__Proteobacteria;c__Gammaproteobacteria;o__Enterobacteriales;f__Enterobacteriaceae;g__;s__",NA,NA,0,0
"k__Bacteria;p__Actinobacteria;c__Actinobacteria;o__Actinomycetales;f__Corynebacteriaceae;g__Corynebacterium;s__variabile",NA,NA,0,0
"k__Bacteria;p__Firmicutes;c__Clostridia;o__Clostridiales;f__[Tissierellaceae];g__Finegoldia;s__",NA,NA,0.00023861196014044,0.00035625463674142
"k__Bacteria;p__Firmicutes;c__Clostridia;o__Clostridiales;f__Ruminococcaceae;g__Clostridium;s__methylpentosum",NA,NA,0,0
"k__Bacteria;p__Firmicutes;c__Clostridia;o__Clostridiales;f__Lachnospiraceae;g__Lachnobacterium;s__",NA,NA,0.000363832022342361,0.000511075969363959
"k__Bacteria;p__Actinobacteria;c__Actinobacteria;o__Actinomycetales;f__Pseudonocardiaceae;g__Jiangella;s__",NA,NA,1.13718206284826e-05,0
"k__Bacteria;p__Firmicutes;c__Clostridia;o__Clostridiales;f__Eubacteriaceae;g__Pseudoramibacter_Eubacterium;s__",NA,NA,0,9.59392129146972e-06
"k__Bacteria;p__Proteobacteria;c__Deltaproteobacteria;o__Myxococcales;f__Haliangiaceae;g__Haliangium;s__",NA,NA,0,9.86144667422711e-06
"k__Bacteria;p__Proteobacteria;c__Gammaproteobacteria;o__Pseudomonadales;f__Pseudomonadaceae;__;__",NA,NA,0,3.19797376382324e-06
"k__Bacteria;p__Proteobacteria;c__Gammaproteobacteria;o__Xanthomonadales;f__Sinobacteraceae;g__Steroidobacter;s__",NA,NA,0,1.14346263354691e-05
"k__Bacteria;p__Proteobacteria;c__Alphaproteobacteria;o__Rhodospirillales;f__Acetobacteraceae;g__;s__",NA,NA,0,0
"k__Bacteria;p__Proteobacteria;c__Alphaproteobacteria;o__Rhizobiales;f__Methylobacteriaceae;__;__",NA,NA,0,0
"k__Bacteria;p__Proteobacteria;c__Gammaproteobacteria;o__34P16;f__;g__;s__",NA,NA,0,0
"k__Bacteria;p__Proteobacteria;c__Gammaproteobacteria;o__Xanthomonadales;f__Xanthomonadaceae;g__Lysobacter;s__yangpyeongensis",NA,NA,0,0
"k__Bacteria;p__Proteobacteria;c__Gammaproteobacteria;o__Alteromonadales;__;__;__",NA,NA,0,3.19797376382324e-06
"k__Bacteria;p__Synergistetes;c__Synergistia;o__Synergistales;f__Dethiosulfovibrionaceae;g__TG5;s__",NA,NA,0,8.62876583994872e-05
"k__Bacteria;p__Proteobacteria;c__Alphaproteobacteria;o__Rhodospirillales;f__Acetobacteraceae;__;__",NA,NA,0,0
"k__Bacteria;p__Synergistetes;c__Synergistia;o__Synergistales;f__Synergistaceae;g__Cloacibacillus;s__",NA,NA,0,0
"k__Bacteria;p__Proteobacteria;c__Gammaproteobacteria;o__Xanthomonadales;f__Xanthomonadaceae;g__Stenotrophomonas;s__",NA,NA,0,0
"k__Bacteria;p__Firmicutes;c__Clostridia;o__Clostridiales;f__Veillonellaceae;g__Mitsuokella;s__",NA,NA,0,0.000182183874540897
"k__Bacteria;p__Gemmatimonadetes;c__Gemm-3;o__;f__;g__;s__",NA,NA,4.68322655576786e-06,0
"k__Bacteria;p__Actinobacteria;c__Coriobacteriia;o__Coriobacteriales;f__Coriobacteriaceae;g__Collinsella;s__stercoris",NA,NA,0,0.000471248955479119
"k__Bacteria;p__Firmicutes;c__Clostridia;o__Clostridiales;f__Peptococcaceae;__;__",NA,NA,0,0
"k__Bacteria;p__Actinobacteria;c__Coriobacteriia;o__Coriobacteriales;f__Coriobacteriaceae;g__Eggerthella;__",NA,NA,0,5.71731316773453e-06
"k__Bacteria;p__Proteobacteria;c__Betaproteobacteria;o__Neisseriales;f__Neisseriaceae;g__;s__",NA,NA,0.000183973914847478,0
"k__Bacteria;p__Proteobacteria;c__Betaproteobacteria;o__Burkholderiales;f__Alcaligenaceae;__;__",NA,NA,9.12533649678332e-06,1.81218513283317e-05
"k__Bacteria;p__Proteobacteria;c__Alphaproteobacteria;o__Rhodobacterales;f__Hyphomonadaceae;__;__",NA,NA,0,7.02221738972853e-05
"k__Bacteria;p__Firmicutes;c__Clostridia;o__Clostridiales;f__[Mogibacteriaceae];g__Mogibacterium;s__",NA,NA,0,1.15597136273611e-05
"k__Bacteria;p__Bacteroidetes;c__Bacteroidia;o__Bacteroidales;f__Porphyromonadaceae;g__Porphyromonas;s__",NA,NA,0,5.89725126014948e-05
"k__Bacteria;p__Firmicutes;c__Clostridia;o__Clostridiales;f__Lachnospiraceae;g__Roseburia;s__faecis",NA,NA,9.44212168251055e-05,0.000442890271965813
"k__Bacteria;p__;c__;o__;f__;g__;s__",NA,NA,0,5.26102579480947e-06
"k__Bacteria;p__Firmicutes;c__Clostridia;o__Clostridiales;f__[Tissierellaceae];g__Peptoniphilus;s__",NA,NA,0,0.000426846619781292
"k__Bacteria;p__Firmicutes;c__Clostridia;o__Clostridiales;f__[Tissierellaceae];g__WAL_1855D;s__",NA,NA,0,1.62608236107159e-05
"k__Bacteria;p__Proteobacteria;c__Betaproteobacteria;o__Burkholderiales;f__Burkholderiaceae;g__Burkholderia;s__",NA,NA,0,1.54129515031481e-05
"k__Bacteria;p__Proteobacteria;c__Betaproteobacteria;o__Neisseriales;f__Neisseriaceae;g__Eikenella;s__",NA,NA,0,3.7245797432523e-05
"k__Bacteria;p__Firmicutes;c__Clostridia;o__Clostridiales;f__[Acidaminobacteraceae];g__Acidaminobacter;s__",NA,NA,0,0
"k__Bacteria;p__Proteobacteria;c__Deltaproteobacteria;o__Desulfobacterales;f__Desulfobacteraceae;__;__",NA,NA,0,0
"k__Bacteria;p__Actinobacteria;c__Actinobacteria;o__Actinomycetales;f__Nocardiaceae;g__Rhodococcus;s__fascians",NA,NA,0,0
"k__Bacteria;p__Actinobacteria;c__Actinobacteria;o__Actinomycetales;f__Actinomycetaceae;g__Actinomyces;__",NA,NA,0,0
"k__Bacteria;p__Firmicutes;c__Clostridia;o__Clostridiales;f__Dehalobacteriaceae;g__Dehalobacterium;s__",NA,NA,0,0
"k__Bacteria;p__Firmicutes;c__Clostridia;o__Clostridiales;f__Veillonellaceae;g__Mitsuokella;s__multacida",NA,NA,0,0
"k__Bacteria;p__Firmicutes;c__Bacilli;o__Lactobacillales;f__Lactobacillaceae;g__Pediococcus;s__",NA,NA,0,0
"k__Bacteria;p__Firmicutes;c__Bacilli;o__Lactobacillales;f__Leuconostocaceae;g__Leuconostoc;s__mesenteroides",NA,NA,0,0
"k__Bacteria;p__Firmicutes;c__Bacilli;o__Lactobacillales;f__Lactobacillaceae;g__Lactobacillus;s__coleohominis",NA,NA,0,0
"k__Bacteria;p__Actinobacteria;c__Actinobacteria;o__Actinomycetales;f__Propionibacteriaceae;g__;s__",NA,NA,0,0
